NOISE	PERT	MISS	ETA	REPEAT	CELLNUM	MISSNAMES	PERTNAMES	EDGENUM	TPR	FPR	EDGES	RMSE	PRECISION	RECALL
0.2	5	11	0.43750000000000006	0	1000	,Ras,Sos,Mek,PI3K,Erk,Akt,P90Rsk,C3G,Rap1,bRaf,Raf1	,Erk,Mek,PI3K,C3G,P90Rsk	13	0.6153846153846154	0.05154639175257732	16	0.16905979126130208	0.6153846153846154	0.6153846153846154
0.2	8	11	0.43750000000000006	0	1000	,Ras,Sos,Mek,PI3K,Erk,Akt,P90Rsk,C3G,Rap1,bRaf,Raf1	,Erk,Mek,PI3K,C3G,P90Rsk,Ras,Raf1,Rap1	13	0.6923076923076923	0.041237113402061855	15	0.11895305024253836	0.6923076923076923	0.6923076923076923
0.2	11	11	0.3812500000000001	0	1000	,Ras,Sos,Mek,PI3K,Erk,Akt,P90Rsk,C3G,Rap1,bRaf,Raf1	,Erk,Mek,PI3K,C3G,P90Rsk,Ras,Raf1,Rap1,Sos,Akt,bRaf	13	0.7692307692307693	0.030927835051546393	16	0.11084734412245532	0.7692307692307693	0.7692307692307693
0.2	5	11	0.3812500000000001	1	1000	,PI3K,C3G,Akt,Sos,Raf1,bRaf,P90Rsk,Erk,Ras,Rap1,Mek	,Ras,Erk,Sos,PI3K,Raf1	13	0.6923076923076923	0.041237113402061855	15	0.14160740503877178	0.6923076923076923	0.6923076923076923
0.2	8	11	0.43750000000000006	1	1000	,PI3K,C3G,Akt,Sos,Raf1,bRaf,P90Rsk,Erk,Ras,Rap1,Mek	,Ras,Erk,Sos,PI3K,Raf1,Rap1,P90Rsk,C3G	13	0.7692307692307693	0.030927835051546393	13	0.10409781828099289	0.7692307692307693	0.7692307692307693
0.2	11	11	0.39531250000000007	1	1000	,PI3K,C3G,Akt,Sos,Raf1,bRaf,P90Rsk,Erk,Ras,Rap1,Mek	,Ras,Erk,Sos,PI3K,Raf1,Rap1,P90Rsk,C3G,Akt,bRaf,Mek	13	0.6923076923076923	0.041237113402061855	15	0.1193596188255398	0.6923076923076923	0.6923076923076923
0.2	5	11	0.43750000000000006	2	1000	,bRaf,PI3K,C3G,Akt,Rap1,Sos,Ras,Raf1,Erk,P90Rsk,Mek	,Rap1,Mek,Ras,Akt,PI3K	13	0.6153846153846154	0.05154639175257732	16	0.16998210898909155	0.6153846153846154	0.6153846153846154
0.2	8	11	0.40937500000000004	2	1000	,bRaf,PI3K,C3G,Akt,Rap1,Sos,Ras,Raf1,Erk,P90Rsk,Mek	,Rap1,Mek,Ras,Akt,PI3K,bRaf,C3G,P90Rsk	13	0.6153846153846154	0.05154639175257732	13	0.17914374548608056	0.6153846153846154	0.6153846153846154
0.2	11	11	0.40937500000000004	2	1000	,bRaf,PI3K,C3G,Akt,Rap1,Sos,Ras,Raf1,Erk,P90Rsk,Mek	,Rap1,Mek,Ras,Akt,PI3K,bRaf,C3G,P90Rsk,Sos,Raf1,Erk	13	0.7692307692307693	0.030927835051546393	14	0.11231587697560451	0.7692307692307693	0.7692307692307693
0.2	5	11	0.3820978814736009	3	1000	,Erk,Rap1,bRaf,Mek,Raf1,C3G,P90Rsk,Ras,Akt,PI3K,Sos	,Mek,C3G,PI3K,Akt,Ras	12	0.6153846153846154	0.041237113402061855	14	0.16996186173627623	0.6666666666666666	0.6153846153846154
0.2	8	11	0.40849609375000007	3	1000	,Erk,Rap1,bRaf,Mek,Raf1,C3G,P90Rsk,Ras,Akt,PI3K,Sos	,Mek,C3G,PI3K,Akt,Ras,Sos,P90Rsk,bRaf	13	0.6153846153846154	0.05154639175257732	13	0.18887352584764294	0.6153846153846154	0.6153846153846154
0.2	11	11	0.45683593750000007	3	1000	,Erk,Rap1,bRaf,Mek,Raf1,C3G,P90Rsk,Ras,Akt,PI3K,Sos	,Mek,C3G,PI3K,Akt,Ras,Sos,P90Rsk,bRaf,Rap1,Raf1,Erk	13	0.6923076923076923	0.041237113402061855	15	0.1370210591215981	0.6923076923076923	0.6923076923076923
0.2	5	11	0.3812500000000001	4	1000	,bRaf,PI3K,Erk,Raf1,Rap1,P90Rsk,C3G,Ras,Mek,Sos,Akt	,Akt,Ras,P90Rsk,Raf1,C3G	13	0.6923076923076923	0.041237113402061855	13	0.1541929076264827	0.6923076923076923	0.6923076923076923
0.2	8	11	0.43750000000000006	4	1000	,bRaf,PI3K,Erk,Raf1,Rap1,P90Rsk,C3G,Ras,Mek,Sos,Akt	,Akt,Ras,P90Rsk,Raf1,C3G,Erk,PI3K,bRaf	13	0.6923076923076923	0.041237113402061855	13	0.1315123493971157	0.6923076923076923	0.6923076923076923
0.2	11	11	0.43750000000000006	4	1000	,bRaf,PI3K,Erk,Raf1,Rap1,P90Rsk,C3G,Ras,Mek,Sos,Akt	,Akt,Ras,P90Rsk,Raf1,C3G,Erk,PI3K,bRaf,Rap1,Mek,Sos	13	0.6923076923076923	0.041237113402061855	13	0.13897287821982127	0.6923076923076923	0.6923076923076923
0.2	5	11	0.3812500000000001	5	1000	,Erk,P90Rsk,Ras,PI3K,Mek,Akt,C3G,Sos,Raf1,bRaf,Rap1	,Akt,PI3K,Raf1,Rap1,C3G	13	0.6153846153846154	0.05154639175257732	13	0.17426021122668806	0.6153846153846154	0.6153846153846154
0.2	8	11	0.36015625000000007	5	1000	,Erk,P90Rsk,Ras,PI3K,Mek,Akt,C3G,Sos,Raf1,bRaf,Rap1	,Akt,PI3K,Raf1,Rap1,C3G,bRaf,P90Rsk,Ras	13	0.6923076923076923	0.041237113402061855	14	0.14967771304244396	0.6923076923076923	0.6923076923076923
0.2	11	11	0.40937500000000004	5	1000	,Erk,P90Rsk,Ras,PI3K,Mek,Akt,C3G,Sos,Raf1,bRaf,Rap1	,Akt,PI3K,Raf1,Rap1,C3G,bRaf,P90Rsk,Ras,Mek,Sos,Erk	13	0.6923076923076923	0.041237113402061855	13	0.1354562946094762	0.6923076923076923	0.6923076923076923
0.2	5	11	0.419921875	6	1000	,Rap1,P90Rsk,C3G,PI3K,Raf1,Akt,bRaf,Sos,Mek,Ras,Erk	,Akt,C3G,PI3K,Sos,bRaf	13	0.6153846153846154	0.05154639175257732	16	0.18659743306882934	0.6153846153846154	0.6153846153846154
0.2	8	11	0.43750000000000006	6	1000	,Rap1,P90Rsk,C3G,PI3K,Raf1,Akt,bRaf,Sos,Mek,Ras,Erk	,Akt,C3G,PI3K,Sos,bRaf,Rap1,Mek,Erk	13	0.6923076923076923	0.041237113402061855	13	0.13947402349372112	0.6923076923076923	0.6923076923076923
0.2	11	11	0.43750000000000006	6	1000	,Rap1,P90Rsk,C3G,PI3K,Raf1,Akt,bRaf,Sos,Mek,Ras,Erk	,Akt,C3G,PI3K,Sos,bRaf,Rap1,Mek,Erk,Raf1,Ras,P90Rsk	13	0.7692307692307693	0.030927835051546393	15	0.10943460301055778	0.7692307692307693	0.7692307692307693
0.2	5	11	0.40937500000000004	7	1000	,Akt,P90Rsk,Erk,Sos,Mek,C3G,PI3K,bRaf,Rap1,Raf1,Ras	,C3G,Ras,Mek,Erk,bRaf	13	0.7692307692307693	0.030927835051546393	15	0.10670074679534906	0.7692307692307693	0.7692307692307693
0.2	8	11	0.46562500000000007	7	1000	,Akt,P90Rsk,Erk,Sos,Mek,C3G,PI3K,bRaf,Rap1,Raf1,Ras	,C3G,Ras,Mek,Erk,bRaf,Sos,Akt,Rap1	13	0.7692307692307693	0.030927835051546393	15	0.0930726685438474	0.7692307692307693	0.7692307692307693
0.2	11	11	0.44453125000000004	7	1000	,Akt,P90Rsk,Erk,Sos,Mek,C3G,PI3K,bRaf,Rap1,Raf1,Ras	,C3G,Ras,Mek,Erk,bRaf,Sos,Akt,Rap1,Raf1,PI3K,P90Rsk	13	0.6923076923076923	0.041237113402061855	15	0.1210230639556763	0.6923076923076923	0.6923076923076923
0.2	5	11	0.40937500000000004	8	1000	,Raf1,Akt,PI3K,C3G,Rap1,Sos,Ras,Mek,P90Rsk,bRaf,Erk	,Mek,PI3K,Raf1,Akt,bRaf	13	0.6153846153846154	0.05154639175257732	13	0.18852924036763127	0.6153846153846154	0.6153846153846154
0.2	8	11	0.3671875000000001	8	1000	,Raf1,Akt,PI3K,C3G,Rap1,Sos,Ras,Mek,P90Rsk,bRaf,Erk	,Mek,PI3K,Raf1,Akt,bRaf,Rap1,P90Rsk,Ras	13	0.6153846153846154	0.05154639175257732	13	0.1692950271994602	0.6153846153846154	0.6153846153846154
0.2	11	11	0.3812500000000001	8	1000	,Raf1,Akt,PI3K,C3G,Rap1,Sos,Ras,Mek,P90Rsk,bRaf,Erk	,Mek,PI3K,Raf1,Akt,bRaf,Rap1,P90Rsk,Ras,Sos,Erk,C3G	13	0.7692307692307693	0.030927835051546393	17	0.1143744662076447	0.7692307692307693	0.7692307692307693
0.2	5	11	0.39267578125	9	1000	,Sos,Ras,Raf1,Rap1,Erk,C3G,P90Rsk,PI3K,Akt,Mek,bRaf	,Raf1,P90Rsk,PI3K,Erk,Mek	13	0.6153846153846154	0.05154639175257732	14	0.1964631823528118	0.6153846153846154	0.6153846153846154
0.2	8	11	0.43750000000000006	9	1000	,Sos,Ras,Raf1,Rap1,Erk,C3G,P90Rsk,PI3K,Akt,Mek,bRaf	,Raf1,P90Rsk,PI3K,Erk,Mek,Ras,Sos,C3G	13	0.7692307692307693	0.030927835051546393	15	0.1228166516941088	0.7692307692307693	0.7692307692307693
0.2	11	11	0.3812500000000001	9	1000	,Sos,Ras,Raf1,Rap1,Erk,C3G,P90Rsk,PI3K,Akt,Mek,bRaf	,Raf1,P90Rsk,PI3K,Erk,Mek,Ras,Sos,C3G,Rap1,bRaf,Akt	13	0.7692307692307693	0.030927835051546393	16	0.11499562537406698	0.7692307692307693	0.7692307692307693
0.2	5	11	0.3812500000000001	10	1000	,Erk,bRaf,Rap1,C3G,Ras,Raf1,Sos,PI3K,Akt,P90Rsk,Mek	,Mek,Raf1,PI3K,bRaf,Akt	13	0.6153846153846154	0.05154639175257732	13	0.1877565252477284	0.6153846153846154	0.6153846153846154
0.2	8	11	0.3803710937500001	10	1000	,Erk,bRaf,Rap1,C3G,Ras,Raf1,Sos,PI3K,Akt,P90Rsk,Mek	,Mek,Raf1,PI3K,bRaf,Akt,Erk,Ras,C3G	13	0.6923076923076923	0.041237113402061855	18	0.13480835132553368	0.6923076923076923	0.6923076923076923
0.2	11	11	0.43750000000000006	10	1000	,Erk,bRaf,Rap1,C3G,Ras,Raf1,Sos,PI3K,Akt,P90Rsk,Mek	,Mek,Raf1,PI3K,bRaf,Akt,Erk,Ras,C3G,Rap1,P90Rsk,Sos	13	0.6923076923076923	0.041237113402061855	14	0.12444165158876108	0.6923076923076923	0.6923076923076923
0.2	5	11	0.4223388671875	11	1000	,Raf1,PI3K,P90Rsk,Sos,Erk,Mek,Ras,Akt,Rap1,C3G,bRaf	,Erk,C3G,Sos,Ras,Mek	13	0.7692307692307693	0.030927835051546393	13	0.10276449885757878	0.7692307692307693	0.7692307692307693
0.2	8	11	0.3812500000000001	11	1000	,Raf1,PI3K,P90Rsk,Sos,Erk,Mek,Ras,Akt,Rap1,C3G,bRaf	,Erk,C3G,Sos,Ras,Mek,PI3K,P90Rsk,Akt	13	0.6153846153846154	0.05154639175257732	13	0.16407883934941636	0.6153846153846154	0.6153846153846154
0.2	11	11	0.49375	11	1000	,Raf1,PI3K,P90Rsk,Sos,Erk,Mek,Ras,Akt,Rap1,C3G,bRaf	,Erk,C3G,Sos,Ras,Mek,PI3K,P90Rsk,Akt,bRaf,Raf1,Rap1	13	0.6923076923076923	0.041237113402061855	16	0.1189485931243429	0.6923076923076923	0.6923076923076923
0.2	5	11	0.43750000000000006	12	1000	,Sos,P90Rsk,Raf1,Ras,Rap1,C3G,bRaf,Akt,Erk,Mek,PI3K	,Rap1,Akt,Ras,Sos,Erk	13	0.6923076923076923	0.041237113402061855	15	0.12036900714628923	0.6923076923076923	0.6923076923076923
0.2	8	11	0.40937500000000004	12	1000	,Sos,P90Rsk,Raf1,Ras,Rap1,C3G,bRaf,Akt,Erk,Mek,PI3K	,Rap1,Akt,Ras,Sos,Erk,bRaf,PI3K,C3G	13	0.6923076923076923	0.041237113402061855	13	0.13798735055527175	0.6923076923076923	0.6923076923076923
0.2	11	11	0.40937500000000004	12	1000	,Sos,P90Rsk,Raf1,Ras,Rap1,C3G,bRaf,Akt,Erk,Mek,PI3K	,Rap1,Akt,Ras,Sos,Erk,bRaf,PI3K,C3G,P90Rsk,Raf1,Mek	13	0.6923076923076923	0.041237113402061855	16	0.11892248199362541	0.6923076923076923	0.6923076923076923
0.2	5	11	0.39531250000000007	13	1000	,Raf1,Mek,Rap1,Ras,P90Rsk,C3G,Sos,PI3K,Akt,bRaf,Erk	,Rap1,Akt,Ras,bRaf,Raf1	13	0.6153846153846154	0.05154639175257732	17	0.15416738963176327	0.6153846153846154	0.6153846153846154
0.2	8	11	0.3812500000000001	13	1000	,Raf1,Mek,Rap1,Ras,P90Rsk,C3G,Sos,PI3K,Akt,bRaf,Erk	,Rap1,Akt,Ras,bRaf,Raf1,P90Rsk,Mek,PI3K	13	0.6153846153846154	0.05154639175257732	13	0.1673960115309681	0.6153846153846154	0.6153846153846154
0.2	11	11	0.3812500000000001	13	1000	,Raf1,Mek,Rap1,Ras,P90Rsk,C3G,Sos,PI3K,Akt,bRaf,Erk	,Rap1,Akt,Ras,bRaf,Raf1,P90Rsk,Mek,PI3K,Sos,Erk,C3G	13	0.6923076923076923	0.041237113402061855	18	0.1191468001488964	0.6923076923076923	0.6923076923076923
0.2	5	11	0.3812500000000001	14	1000	,Akt,Rap1,C3G,bRaf,Erk,Ras,Mek,Raf1,P90Rsk,Sos,PI3K	,Ras,Rap1,P90Rsk,Sos,Akt	13	0.6153846153846154	0.05154639175257732	14	0.15960512078675154	0.6153846153846154	0.6153846153846154
0.2	8	11	0.3812500000000001	14	1000	,Akt,Rap1,C3G,bRaf,Erk,Ras,Mek,Raf1,P90Rsk,Sos,PI3K	,Ras,Rap1,P90Rsk,Sos,Akt,Mek,PI3K,C3G	13	0.6923076923076923	0.041237113402061855	14	0.14890484374609306	0.6923076923076923	0.6923076923076923
0.2	11	11	0.441015625	14	1000	,Akt,Rap1,C3G,bRaf,Erk,Ras,Mek,Raf1,P90Rsk,Sos,PI3K	,Ras,Rap1,P90Rsk,Sos,Akt,Mek,PI3K,C3G,Erk,Raf1,bRaf	13	0.6923076923076923	0.041237113402061855	17	0.13872389024600074	0.6923076923076923	0.6923076923076923
0.2	5	11	0.4603515625000001	15	1000	,P90Rsk,Raf1,Akt,Erk,Mek,C3G,Sos,Ras,bRaf,Rap1,PI3K	,C3G,PI3K,Rap1,Erk,bRaf	13	0.6923076923076923	0.041237113402061855	16	0.1388373309539974	0.6923076923076923	0.6923076923076923
0.2	8	11	0.49375	15	1000	,P90Rsk,Raf1,Akt,Erk,Mek,C3G,Sos,Ras,bRaf,Rap1,PI3K	,C3G,PI3K,Rap1,Erk,bRaf,Mek,Ras,Raf1	13	0.7692307692307693	0.030927835051546393	15	0.1087038259939825	0.7692307692307693	0.7692307692307693
0.2	11	11	0.40937500000000004	15	1000	,P90Rsk,Raf1,Akt,Erk,Mek,C3G,Sos,Ras,bRaf,Rap1,PI3K	,C3G,PI3K,Rap1,Erk,bRaf,Mek,Ras,Raf1,Akt,Sos,P90Rsk	13	0.6923076923076923	0.041237113402061855	13	0.1356306948162963	0.6923076923076923	0.6923076923076923
0.2	5	11	0.3812500000000001	16	1000	,PI3K,C3G,Sos,Akt,Rap1,Ras,Raf1,bRaf,P90Rsk,Mek,Erk	,Sos,PI3K,Akt,Mek,C3G	13	0.5384615384615384	0.061855670103092786	14	0.20407870424994007	0.5384615384615384	0.5384615384615384
0.2	8	11	0.3812500000000001	16	1000	,PI3K,C3G,Sos,Akt,Rap1,Ras,Raf1,bRaf,P90Rsk,Mek,Erk	,Sos,PI3K,Akt,Mek,C3G,Ras,P90Rsk,bRaf	13	0.5384615384615384	0.061855670103092786	13	0.19602828360839492	0.5384615384615384	0.5384615384615384
0.2	11	11	0.45771484375000004	16	1000	,PI3K,C3G,Sos,Akt,Rap1,Ras,Raf1,bRaf,P90Rsk,Mek,Erk	,Sos,PI3K,Akt,Mek,C3G,Ras,P90Rsk,bRaf,Raf1,Erk,Rap1	13	0.6923076923076923	0.041237113402061855	13	0.13745335069936349	0.6923076923076923	0.6923076923076923
0.2	5	11	0.32500000000000007	17	1000	,bRaf,Mek,P90Rsk,Akt,PI3K,C3G,Erk,Raf1,Rap1,Ras,Sos	,Mek,Raf1,Sos,PI3K,C3G	13	0.6153846153846154	0.05154639175257732	13	0.18611857483841904	0.6153846153846154	0.6153846153846154
0.2	8	11	0.3812500000000001	17	1000	,bRaf,Mek,P90Rsk,Akt,PI3K,C3G,Erk,Raf1,Rap1,Ras,Sos	,Mek,Raf1,Sos,PI3K,C3G,Ras,Akt,bRaf	13	0.6923076923076923	0.041237113402061855	14	0.1598987849530589	0.6923076923076923	0.6923076923076923
0.2	11	11	0.3812500000000001	17	1000	,bRaf,Mek,P90Rsk,Akt,PI3K,C3G,Erk,Raf1,Rap1,Ras,Sos	,Mek,Raf1,Sos,PI3K,C3G,Ras,Akt,bRaf,Erk,P90Rsk,Rap1	13	0.6923076923076923	0.041237113402061855	13	0.13672488504887528	0.6923076923076923	0.6923076923076923
0.2	5	11	0.43750000000000006	18	1000	,Rap1,P90Rsk,Erk,Sos,PI3K,Ras,Mek,Akt,Raf1,C3G,bRaf	,bRaf,Akt,C3G,Ras,Sos	13	0.6923076923076923	0.041237113402061855	16	0.15486245769108026	0.6923076923076923	0.6923076923076923
0.2	8	11	0.37261492144316444	18	1000	,Rap1,P90Rsk,Erk,Sos,PI3K,Ras,Mek,Akt,Raf1,C3G,bRaf	,bRaf,Akt,C3G,Ras,Sos,PI3K,Mek,Rap1	14	0.6153846153846154	0.061855670103092786	16	0.18109820457170014	0.5714285714285714	0.6153846153846154
0.2	11	11	0.4234375	18	1000	,Rap1,P90Rsk,Erk,Sos,PI3K,Ras,Mek,Akt,Raf1,C3G,bRaf	,bRaf,Akt,C3G,Ras,Sos,PI3K,Mek,Rap1,P90Rsk,Erk,Raf1	13	0.7692307692307693	0.030927835051546393	15	0.11332481812413682	0.7692307692307693	0.7692307692307693
0.2	5	11	0.32500000000000007	19	1000	,Erk,Raf1,bRaf,Akt,Rap1,Ras,Mek,Sos,P90Rsk,PI3K,C3G	,PI3K,C3G,Akt,P90Rsk,Raf1	13	0.6153846153846154	0.05154639175257732	13	0.18287310206262383	0.6153846153846154	0.6153846153846154
0.2	8	11	0.40937500000000004	19	1000	,Erk,Raf1,bRaf,Akt,Rap1,Ras,Mek,Sos,P90Rsk,PI3K,C3G	,PI3K,C3G,Akt,P90Rsk,Raf1,Erk,bRaf,Ras	13	0.7692307692307693	0.030927835051546393	16	0.12547578415016314	0.7692307692307693	0.7692307692307693
0.2	11	11	0.3812500000000001	19	1000	,Erk,Raf1,bRaf,Akt,Rap1,Ras,Mek,Sos,P90Rsk,PI3K,C3G	,PI3K,C3G,Akt,P90Rsk,Raf1,Erk,bRaf,Ras,Mek,Sos,Rap1	13	0.7692307692307693	0.030927835051546393	15	0.11212534861162479	0.7692307692307693	0.7692307692307693
0.2	0	0	0.07500000000000001	0	1000			13	0.8461538461538461	0.020618556701030927	13	0.07142874642890197	0.8461538461538461	0.8461538461538461
0.2	0	3	0.184375	0	1000	,P90Rsk,PI3K,Rap1		13	0.7692307692307693	0.030927835051546393	13	0.08696455097072245	0.7692307692307693	0.7692307692307693
0.2	0	6	0.1	0	1000	,P90Rsk,PI3K,Rap1,Raf1,Ras,Sos		13	0.7692307692307693	0.030927835051546393	13	0.12811580083446053	0.7692307692307693	0.7692307692307693
0.2	0	11	0.43750000000000006	0	1000	,P90Rsk,PI3K,Rap1,Raf1,Ras,Sos,C3G,Akt,Erk,Mek,bRaf		13	0.5384615384615384	0.061855670103092786	15	0.22283444445796127	0.5384615384615384	0.5384615384615384
0.2	0	0	0.1	1	1000			13	0.8461538461538461	0.020618556701030927	13	0.07657572697858264	0.8461538461538461	0.8461538461538461
0.2	0	3	0.0625	1	1000	,Mek,bRaf,Raf1		13	0.7692307692307693	0.030927835051546393	13	0.11189193638922054	0.7692307692307693	0.7692307692307693
0.2	0	6	0.05625	1	1000	,Mek,bRaf,Raf1,Rap1,Erk,Sos		13	0.6923076923076923	0.041237113402061855	13	0.14778420638748924	0.6923076923076923	0.6923076923076923
0.2	0	11	0.43750000000000006	1	1000	,Mek,bRaf,Raf1,Rap1,Erk,Sos,Akt,C3G,Ras,P90Rsk,PI3K		13	0.5384615384615384	0.061855670103092786	14	0.2358248234981529	0.5384615384615384	0.5384615384615384
0.2	0	0	0.1	2	1000			13	0.8461538461538461	0.020618556701030927	13	0.0710733191022818	0.8461538461538461	0.8461538461538461
0.2	0	3	0.15625	2	1000	,Erk,Mek,bRaf		13	0.7692307692307693	0.030927835051546393	13	0.10798002104250297	0.7692307692307693	0.7692307692307693
0.2	0	6	0.21250000000000002	2	1000	,Erk,Mek,bRaf,P90Rsk,Rap1,PI3K		13	0.6923076923076923	0.041237113402061855	13	0.13206970249974495	0.6923076923076923	0.6923076923076923
0.2	0	11	0.43750000000000006	2	1000	,Erk,Mek,bRaf,P90Rsk,Rap1,PI3K,Raf1,Sos,Akt,Ras,C3G		13	0.5384615384615384	0.061855670103092786	14	0.22344963730175413	0.5384615384615384	0.5384615384615384
0.2	0	0	0.1	3	1000			13	0.8461538461538461	0.020618556701030927	13	0.0763219083454004	0.8461538461538461	0.8461538461538461
0.2	0	3	0.06875	3	1000	,Ras,Rap1,Raf1		13	0.8461538461538461	0.020618556701030927	13	0.06670724400282617	0.8461538461538461	0.8461538461538461
0.2	0	6	0.19140625	3	1000	,Ras,Rap1,Raf1,Erk,Akt,P90Rsk		13	0.6923076923076923	0.041237113402061855	13	0.15048422888254534	0.6923076923076923	0.6923076923076923
0.2	0	11	0.46562500000000007	3	1000	,Ras,Rap1,Raf1,Erk,Akt,P90Rsk,Mek,bRaf,PI3K,Sos,C3G		13	0.5384615384615384	0.061855670103092786	13	0.22276431531932966	0.5384615384615384	0.5384615384615384
0.2	0	0	0.1	4	1000			13	0.8461538461538461	0.020618556701030927	13	0.07204222883256318	0.8461538461538461	0.8461538461538461
0.2	0	3	0.21250000000000002	4	1000	,Erk,Mek,C3G		13	0.6923076923076923	0.041237113402061855	13	0.15600710867431022	0.6923076923076923	0.6923076923076923
0.2	0	6	0.21250000000000002	4	1000	,Erk,Mek,C3G,bRaf,PI3K,Ras		13	0.6923076923076923	0.041237113402061855	13	0.1466177539586737	0.6923076923076923	0.6923076923076923
0.2	0	11	0.43750000000000006	4	1000	,Erk,Mek,C3G,bRaf,PI3K,Ras,Raf1,P90Rsk,Akt,Sos,Rap1		13	0.5384615384615384	0.061855670103092786	15	0.22215348921967903	0.5384615384615384	0.5384615384615384
0.2	0	0	0.1	5	1000			13	0.8461538461538461	0.020618556701030927	13	0.07600235761141641	0.8461538461538461	0.8461538461538461
0.2	0	3	0.19843750000000002	5	1000	,Mek,C3G,Erk		13	0.6923076923076923	0.041237113402061855	13	0.15383827638962072	0.6923076923076923	0.6923076923076923
0.2	0	6	0.32500000000000007	5	1000	,Mek,C3G,Erk,PI3K,bRaf,Rap1		13	0.6923076923076923	0.041237113402061855	13	0.1462892979850163	0.6923076923076923	0.6923076923076923
0.2	0	11	0.43750000000000006	5	1000	,Mek,C3G,Erk,PI3K,bRaf,Rap1,Sos,Ras,Raf1,Akt,P90Rsk		13	0.46153846153846156	0.07216494845360824	13	0.23097053695840586	0.46153846153846156	0.46153846153846156
0.2	0	0	0.0625	6	1000			13	0.8461538461538461	0.020618556701030927	13	0.07085034760911217	0.8461538461538461	0.8461538461538461
0.2	0	3	0.26875000000000004	6	1000	,P90Rsk,PI3K,Akt		13	0.6153846153846154	0.05154639175257732	13	0.17410648368561876	0.6153846153846154	0.6153846153846154
0.2	0	6	0.24062500000000003	6	1000	,P90Rsk,PI3K,Akt,Ras,Raf1,C3G		13	0.6923076923076923	0.041237113402061855	13	0.15845961055538724	0.6923076923076923	0.6923076923076923
0.2	0	11	0.40937500000000004	6	1000	,P90Rsk,PI3K,Akt,Ras,Raf1,C3G,Rap1,Mek,Erk,bRaf,Sos		13	0.5384615384615384	0.061855670103092786	14	0.2224746565133604	0.5384615384615384	0.5384615384615384
0.2	0	0	0.07500000000000001	7	1000			13	0.8461538461538461	0.020618556701030927	13	0.0700602228991577	0.8461538461538461	0.8461538461538461
0.2	0	3	0.15625	7	1000	,P90Rsk,bRaf,Erk		13	0.7692307692307693	0.030927835051546393	13	0.08598185482247257	0.7692307692307693	0.7692307692307693
0.2	0	6	0.2810546875	7	1000	,P90Rsk,bRaf,Erk,PI3K,Sos,C3G		13	0.6923076923076923	0.041237113402061855	15	0.1556684698330057	0.6923076923076923	0.6923076923076923
0.2	0	11	0.43750000000000006	7	1000	,P90Rsk,bRaf,Erk,PI3K,Sos,C3G,Ras,Raf1,Mek,Rap1,Akt		13	0.5384615384615384	0.061855670103092786	16	0.22936772340686293	0.5384615384615384	0.5384615384615384
0.2	0	0	0.1	8	1000			13	0.8461538461538461	0.020618556701030927	13	0.08172037718859888	0.8461538461538461	0.8461538461538461
0.2	0	3	0.128125	8	1000	,Ras,Rap1,P90Rsk		13	0.8461538461538461	0.020618556701030927	13	0.07761242247102268	0.8461538461538461	0.8461538461538461
0.2	0	6	0.21250000000000002	8	1000	,Ras,Rap1,P90Rsk,Erk,C3G,bRaf		13	0.6923076923076923	0.041237113402061855	13	0.1535175232468426	0.6923076923076923	0.6923076923076923
0.2	0	11	0.43750000000000006	8	1000	,Ras,Rap1,P90Rsk,Erk,C3G,bRaf,Sos,Akt,Raf1,Mek,PI3K		13	0.5384615384615384	0.061855670103092786	14	0.2190494972044239	0.5384615384615384	0.5384615384615384
0.2	0	0	0.1	9	1000			13	0.8461538461538461	0.020618556701030927	13	0.07453095803527426	0.8461538461538461	0.8461538461538461
0.2	0	3	0.15625	9	1000	,PI3K,Erk,Rap1		13	0.7692307692307693	0.030927835051546393	13	0.08441980562200492	0.7692307692307693	0.7692307692307693
0.2	0	6	0.21250000000000002	9	1000	,PI3K,Erk,Rap1,Ras,bRaf,C3G		13	0.7692307692307693	0.030927835051546393	13	0.0995527215269292	0.7692307692307693	0.7692307692307693
0.2	0	11	0.43750000000000006	9	1000	,PI3K,Erk,Rap1,Ras,bRaf,C3G,Raf1,Sos,Akt,Mek,P90Rsk		13	0.5384615384615384	0.061855670103092786	16	0.22671141576337875	0.5384615384615384	0.5384615384615384
0.2	0	0	0.07500000000000001	10	1000			13	0.8461538461538461	0.020618556701030927	13	0.0747787231938528	0.8461538461538461	0.8461538461538461
0.2	0	3	0.05625	10	1000	,Rap1,bRaf,Raf1		13	0.8461538461538461	0.020618556701030927	13	0.07252399131587826	0.8461538461538461	0.8461538461538461
0.2	0	6	0.19843750000000002	10	1000	,Rap1,bRaf,Raf1,Mek,Akt,PI3K		13	0.6153846153846154	0.05154639175257732	13	0.17974977390651206	0.6153846153846154	0.6153846153846154
0.2	0	11	0.43750000000000006	10	1000	,Rap1,bRaf,Raf1,Mek,Akt,PI3K,Sos,Erk,P90Rsk,C3G,Ras		13	0.5384615384615384	0.061855670103092786	13	0.22685666304301358	0.5384615384615384	0.5384615384615384
0.2	0	0	0.1	11	1000			13	0.8461538461538461	0.020618556701030927	13	0.07721357431086219	0.8461538461538461	0.8461538461538461
0.2	0	3	0.15625	11	1000	,Akt,Rap1,P90Rsk		13	0.6923076923076923	0.041237113402061855	13	0.14711368351543444	0.6923076923076923	0.6923076923076923
0.2	0	6	0.21250000000000002	11	1000	,Akt,Rap1,P90Rsk,PI3K,Mek,Ras		13	0.5384615384615384	0.061855670103092786	13	0.20917841691582403	0.5384615384615384	0.5384615384615384
0.2	0	11	0.3812500000000001	11	1000	,Akt,Rap1,P90Rsk,PI3K,Mek,Ras,Raf1,Sos,bRaf,C3G,Erk		13	0.5384615384615384	0.061855670103092786	13	0.22709219575572143	0.5384615384615384	0.5384615384615384
0.2	0	0	0.1	12	1000			13	0.8461538461538461	0.020618556701030927	13	0.07995568722119442	0.8461538461538461	0.8461538461538461
0.2	0	3	0.07500000000000001	12	1000	,Raf1,Mek,Sos		13	0.7692307692307693	0.030927835051546393	13	0.14087978587122807	0.7692307692307693	0.7692307692307693
0.2	0	6	0.1	12	1000	,Raf1,Mek,Sos,Erk,Rap1,Ras		13	0.7692307692307693	0.030927835051546393	13	0.14390814067127342	0.7692307692307693	0.7692307692307693
0.2	0	11	0.4506835937500001	12	1000	,Raf1,Mek,Sos,Erk,Rap1,Ras,PI3K,P90Rsk,bRaf,Akt,C3G		13	0.46153846153846156	0.07216494845360824	13	0.23094094773876728	0.46153846153846156	0.46153846153846156
0.2	0	0	0.1	13	1000			13	0.8461538461538461	0.020618556701030927	13	0.07639307674360947	0.8461538461538461	0.8461538461538461
0.2	0	3	0.07500000000000001	13	1000	,bRaf,Erk,Raf1		13	0.7692307692307693	0.030927835051546393	13	0.09164719047993242	0.7692307692307693	0.7692307692307693
0.2	0	6	0.0421875	13	1000	,bRaf,Erk,Raf1,Ras,P90Rsk,Sos		13	0.6923076923076923	0.041237113402061855	13	0.1331183123135841	0.6923076923076923	0.6923076923076923
0.2	0	11	0.43750000000000006	13	1000	,bRaf,Erk,Raf1,Ras,P90Rsk,Sos,Akt,Rap1,Mek,C3G,PI3K		13	0.5384615384615384	0.061855670103092786	13	0.2251176613358475	0.5384615384615384	0.5384615384615384
0.2	0	0	0.1	14	1000			13	0.8461538461538461	0.020618556701030927	13	0.07972467737151628	0.8461538461538461	0.8461538461538461
0.2	0	3	0.1	14	1000	,Raf1,Erk,Rap1		13	0.8461538461538461	0.020618556701030927	13	0.06806121543596974	0.8461538461538461	0.8461538461538461
0.2	0	6	0.1	14	1000	,Raf1,Erk,Rap1,Sos,Ras,PI3K		13	0.7692307692307693	0.030927835051546393	13	0.125243037903968	0.7692307692307693	0.7692307692307693
0.2	0	11	0.43750000000000006	14	1000	,Raf1,Erk,Rap1,Sos,Ras,PI3K,C3G,P90Rsk,Akt,bRaf,Mek		13	0.5384615384615384	0.061855670103092786	17	0.2263084634641234	0.5384615384615384	0.5384615384615384
0.2	0	0	0.1	15	1000			13	0.8461538461538461	0.020618556701030927	13	0.08464163493157609	0.8461538461538461	0.8461538461538461
0.2	0	3	0.15625	15	1000	,PI3K,Rap1,Erk		13	0.7692307692307693	0.030927835051546393	13	0.07916162269114789	0.7692307692307693	0.7692307692307693
0.2	0	6	0.32500000000000007	15	1000	,PI3K,Rap1,Erk,P90Rsk,bRaf,C3G		13	0.7692307692307693	0.030927835051546393	13	0.10345784566587962	0.7692307692307693	0.7692307692307693
0.2	0	11	0.441015625	15	1000	,PI3K,Rap1,Erk,P90Rsk,bRaf,C3G,Sos,Akt,Ras,Mek,Raf1		13	0.5384615384615384	0.061855670103092786	14	0.22707154886391573	0.5384615384615384	0.5384615384615384
0.2	0	0	0.05	16	1000			13	0.8461538461538461	0.020618556701030927	13	0.07533493011064996	0.8461538461538461	0.8461538461538461
0.2	0	3	0.1	16	1000	,Erk,Rap1,Sos		13	0.6923076923076923	0.041237113402061855	13	0.13210161626128103	0.6923076923076923	0.6923076923076923
0.2	0	6	0.1	16	1000	,Erk,Rap1,Sos,bRaf,Ras,C3G		13	0.6923076923076923	0.041237113402061855	13	0.15907728047827116	0.6923076923076923	0.6923076923076923
0.2	0	11	0.46562500000000007	16	1000	,Erk,Rap1,Sos,bRaf,Ras,C3G,PI3K,Akt,Mek,Raf1,P90Rsk		13	0.5384615384615384	0.061855670103092786	16	0.21760438084108488	0.5384615384615384	0.5384615384615384
0.2	0	0	0.07500000000000001	17	1000			13	0.8461538461538461	0.020618556701030927	13	0.07000641705922553	0.8461538461538461	0.8461538461538461
0.2	0	3	0.15625	17	1000	,Akt,Erk,Raf1		13	0.6923076923076923	0.041237113402061855	13	0.15813494854151489	0.6923076923076923	0.6923076923076923
0.2	0	6	0.184375	17	1000	,Akt,Erk,Raf1,PI3K,Rap1,Sos		13	0.6153846153846154	0.05154639175257732	13	0.18042099429178	0.6153846153846154	0.6153846153846154
0.2	0	11	0.46562500000000007	17	1000	,Akt,Erk,Raf1,PI3K,Rap1,Sos,bRaf,P90Rsk,Ras,C3G,Mek		13	0.46153846153846156	0.07216494845360824	13	0.22483925063833743	0.46153846153846156	0.46153846153846156
0.2	0	0	0.07500000000000001	18	1000			13	0.8461538461538461	0.020618556701030927	13	0.0743071647275757	0.8461538461538461	0.8461538461538461
0.2	0	3	0.15625	18	1000	,Erk,PI3K,Rap1		13	0.7692307692307693	0.030927835051546393	13	0.084459317244753	0.7692307692307693	0.7692307692307693
0.2	0	6	0.15625	18	1000	,Erk,PI3K,Rap1,Sos,Raf1,Mek		13	0.6923076923076923	0.041237113402061855	13	0.1652148788938713	0.6923076923076923	0.6923076923076923
0.2	0	11	0.41640625000000003	18	1000	,Erk,PI3K,Rap1,Sos,Raf1,Mek,P90Rsk,Ras,Akt,C3G,bRaf		13	0.46153846153846156	0.07216494845360824	16	0.22685139903451537	0.46153846153846156	0.46153846153846156
0.2	0	0	0.1	19	1000			13	0.8461538461538461	0.020618556701030927	13	0.07284500658021263	0.8461538461538461	0.8461538461538461
0.2	0	3	0.21250000000000002	19	1000	,C3G,P90Rsk,Erk		13	0.6923076923076923	0.041237113402061855	13	0.15359252893143127	0.6923076923076923	0.6923076923076923
0.2	0	6	0.184375	19	1000	,C3G,P90Rsk,Erk,Ras,Sos,Mek		13	0.6153846153846154	0.05154639175257732	13	0.1885674125272343	0.6153846153846154	0.6153846153846154
0.2	0	11	0.43750000000000006	19	1000	,C3G,P90Rsk,Erk,Ras,Sos,Mek,Rap1,Raf1,PI3K,bRaf,Akt		13	0.5384615384615384	0.061855670103092786	14	0.22283978795553339	0.5384615384615384	0.5384615384615384
