POPULATIONS	DIFFERENCE_RMSE	NOISE	CELLNUM	ETA	REPEAT	EDGES	MODELTYPE	POPULATIONS	NUMDIFFEDGES	THETA	RESIDUALS
wt_braf	0.027969778770855713	0.0	250	0.003125	0	13	CNR	wt,braf	5	0.02	7.008225516019902e-05
wt_braf	0.018939634117378205	0.0	250	0.003125	1	13	CNR	wt,braf	5	0.02	8.158731277865613e-05
wt_braf	0.018102804908664314	0.0	250	0.00625	2	13	CNR	wt,braf	5	0.02	8.131596107392363e-05
wt_braf	0.018495093285440058	0.0	250	0.003125	3	13	CNR	wt,braf	5	0.02	0.00013094654462852097
wt_braf	0.01813273134619338	0.0	250	0.00625	4	13	CNR	wt,braf	5	0.02	0.00011519497036137709
wt_braf	0.01820888346695128	0.0	250	0.003125	5	13	CNR	wt,braf	5	0.02	7.828680771304234e-05
wt_braf	0.018273050764850293	0.0	250	0.003125	6	13	CNR	wt,braf	5	0.02	7.537139208983162e-05
wt_braf	0.018194290266180094	0.0	250	0.00625	7	13	CNR	wt,braf	5	0.02	7.891560410270413e-05
wt_braf	0.018186920895410786	0.0	250	0.003125	8	13	CNR	wt,braf	5	0.02	8.889755006842694e-05
wt_braf	0.018433527043947167	0.0	250	0.003125	9	13	CNR	wt,braf	5	0.02	0.00010016764698414297
wt_braf	0.018174577031316797	0.0	250	0.00625	10	13	CNR	wt,braf	5	0.02	0.00010151192346008414
wt_braf	0.01830009253056254	0.0	250	0.0037109375	11	13	CNR	wt,braf	5	0.02	9.902923616620952e-05
wt_braf	0.01835229376257808	0.0	250	0.003125	12	13	CNR	wt,braf	5	0.02	9.055201066874689e-05
wt_braf	0.01828055077223303	0.0	250	0.003125	13	13	CNR	wt,braf	5	0.02	0.00011315637949050933
wt_braf	0.018521281190593784	0.0	250	0.00625	14	13	CNR	wt,braf	5	0.02	7.356663083801406e-05
wt_braf	0.018387182328013254	0.0	250	0.00625	15	13	CNR	wt,braf	5	0.02	7.498772552644012e-05
wt_braf	0.01816049927747595	0.0	250	0.003125	16	13	CNR	wt,braf	5	0.02	9.444643396534746e-05
wt_braf	0.01876989239023325	0.0	250	0.003125	17	13	CNR	wt,braf	5	0.02	9.928218205183215e-05
wt_braf	0.018412640385489804	0.0	250	0.003125	18	13	CNR	wt,braf	5	0.02	9.477047885469716e-05
wt_braf	0.018508066645676818	0.0	250	0.003125	19	13	CNR	wt,braf	5	0.02	0.00010639516118501263
wt_ras	0.03296097619004811	0.0	250	0.0125	0	13	CNR	wt,ras	3	0.02	9.862961806978178e-05
wt_ras	0.03283018893646538	0.0	250	0.0125	1	13	CNR	wt,ras	3	0.02	8.98965327765348e-05
wt_ras	0.03250617481572455	0.0	250	0.025	2	13	CNR	wt,ras	3	0.02	0.00011858937408004477
wt_ras	0.032507095177848326	0.0	250	0.05	3	13	CNR	wt,ras	3	0.02	9.59976114593724e-05
wt_ras	0.03276956289653914	0.0	250	0.0125	4	13	CNR	wt,ras	3	0.02	0.00010758107681189762
wt_ras	0.0324292315994646	0.0	250	0.0125	5	13	CNR	wt,ras	3	0.02	0.00010112221299260345
wt_ras	0.032705745317717166	0.0	250	0.025	6	13	CNR	wt,ras	3	0.02	0.00010805436349174428
wt_ras	0.032938656453359146	0.0	250	0.025	7	13	CNR	wt,ras	3	0.02	9.173016198010647e-05
wt_ras	0.0324843279218339	0.0	250	0.025	8	13	CNR	wt,ras	3	0.02	8.226558438759299e-05
wt_ras	0.03241041861603525	0.0	250	0.025	9	13	CNR	wt,ras	3	0.02	0.00010124762907574426
wt_ras	0.03250527411507874	0.0	250	0.0125	10	13	CNR	wt,ras	3	0.02	9.490407114940315e-05
wt_ras	0.03252673214218072	0.0	250	0.0125	11	13	CNR	wt,ras	3	0.02	0.00010920753574933804
wt_ras	0.03245889109115455	0.0	250	0.025	12	13	CNR	wt,ras	3	0.02	0.0001143840378639394
wt_ras	0.032667234926615635	0.0	250	0.025	13	13	CNR	wt,ras	3	0.02	0.00011962675959965012
wt_ras	0.032392294997095804	0.0	250	0.0125	14	13	CNR	wt,ras	3	0.02	7.852569822065589e-05
wt_ras	0.032420285972985755	0.0	250	0.0125	15	13	CNR	wt,ras	3	0.02	0.00011058369964256576
wt_ras	0.03264531702981435	0.0	250	0.0125	16	13	CNR	wt,ras	3	0.02	0.00011017742270909096
wt_ras	0.03247822729726666	0.0	250	0.05	17	13	CNR	wt,ras	3	0.02	0.0001013278223727907
wt_ras	0.03246673963231917	0.0	250	0.0125	18	13	CNR	wt,ras	3	0.02	9.588676848594859e-05
wt_ras	0.03246078818598628	0.0	250	0.025	19	13	CNR	wt,ras	3	0.02	9.666297488154003e-05
wt_braf	0.027569576781126308	0.2	250	0.05	0	13	CNR	wt,braf	4	0.02	0.001141910656578497
wt_braf	0.029209762456598704	0.2	250	0.018750000000000003	1	13	CNR	wt,braf	4	0.02	0.0011166521543642728
wt_braf	0.030616369028944657	0.2	250	0.034375	2	13	CNR	wt,braf	5	0.02	0.001086670020946631
wt_braf	0.026293176812418047	0.2	250	0.020312500000000004	3	13	CNR	wt,braf	4	0.02	0.0010931851310695938
wt_braf	0.029362205184041677	0.2	250	0.019531250000000003	4	13	CNR	wt,braf	5	0.02	0.001106557061564762
wt_braf	0.027389792035893284	0.2	250	0.034375	5	13	CNR	wt,braf	4	0.02	0.001023352010054648
wt_braf	0.0291601679711623	0.2	250	0.025	6	13	CNR	wt,braf	5	0.02	0.0010766412013553605
wt_braf	0.025954935668978427	0.2	250	0.034375	7	13	CNR	wt,braf	4	0.02	0.0010664269026281418
wt_braf	0.02600357586243102	0.2	250	0.025	8	13	CNR	wt,braf	4	0.02	0.0010688590747152987
wt_braf	0.024572224632069158	0.2	250	0.026367187500000003	9	13	CNR	wt,braf	4	0.02	0.0010801980240163988
wt_braf	0.029725828376030067	0.2	250	0.034375	10	13	CNR	wt,braf	5	0.02	0.0010577395591605278
wt_braf	0.0186370978181898	0.2	250	0.03125	11	13	CNR	wt,braf	5	0.02	0.0012360655862389775
wt_braf	0.0189755650410513	0.2	250	0.034375	12	13	CNR	wt,braf	5	0.02	0.0011877309331614504
wt_braf	0.020341243015468975	0.2	250	0.025	13	13	CNR	wt,braf	5	0.02	0.0011235585228784766
wt_braf	0.025634727033669973	0.2	250	0.025	14	13	CNR	wt,braf	4	0.02	0.0010992142393507253
wt_braf	0.026454943837111354	0.2	250	0.025	15	13	CNR	wt,braf	4	0.02	0.0011233649165446151
wt_braf	0.03172859719598258	0.2	250	0.05	16	13	CNR	wt,braf	5	0.02	0.0012687403614039645
wt_braf	0.024716310883993356	0.2	250	0.025	17	13	CNR	wt,braf	4	0.02	0.0011301742787697376
wt_braf	0.029768147501120387	0.2	250	0.021875000000000002	18	13	CNR	wt,braf	4	0.02	0.0011205677517341869
wt_braf	0.025479003037706706	0.2	250	0.037500000000000006	19	13	CNR	wt,braf	4	0.02	0.0011062225003813046
wt_ras	0.03475067835456132	0.2	250	0.037500000000000006	0	13	CNR	wt,ras	3	0.02	0.0010471957237699395
wt_ras	0.03341101351790512	0.2	250	0.037500000000000006	1	13	CNR	wt,ras	3	0.02	0.0010707926694015042
wt_ras	0.03315959771340503	0.2	250	0.037500000000000006	2	13	CNR	wt,ras	3	0.02	0.001082917128992857
wt_ras	0.03304070020089948	0.2	250	0.037500000000000006	3	13	CNR	wt,ras	3	0.02	0.0009973181388439876
wt_ras	0.01658150340201457	0.2	250	0.034375	4	13	CNR	wt,ras	5	0.02	0.001016344077041776
wt_ras	0.03333344457630042	0.2	250	0.05	5	13	CNR	wt,ras	3	0.02	0.0010370553830737564
wt_ras	0.03710471925729979	0.2	250	0.05	6	13	CNR	wt,ras	2	0.02	0.0010541625267712457
wt_ras	0.017056134537581747	0.2	250	0.05	7	13	CNR	wt,ras	5	0.02	0.0010319683022086586
wt_ras	0.02565128937140333	0.2	250	0.05	8	13	CNR	wt,ras	4	0.02	0.0010673633714945853
wt_ras	0.032464864948889706	0.2	250	0.037500000000000006	9	13	CNR	wt,ras	3	0.02	0.0010368766375151172
wt_ras	0.03323810257831569	0.2	250	0.05	10	13	CNR	wt,ras	3	0.02	0.0010351358927296547
wt_ras	0.037137434209772294	0.2	250	0.05	11	13	CNR	wt,ras	2	0.02	0.0009839027882931485
wt_ras	0.017626041392474798	0.2	250	0.025	12	13	CNR	wt,ras	5	0.02	0.0009975484816158026
wt_ras	0.033314549781783685	0.2	250	0.037500000000000006	13	13	CNR	wt,ras	3	0.02	0.001072403191488623
wt_ras	0.034254529195671526	0.2	250	0.05	14	13	CNR	wt,ras	3	0.02	0.0010961447525723212
wt_ras	0.034767038864249145	0.2	250	0.037500000000000006	15	13	CNR	wt,ras	3	0.02	0.0010059938901465532
wt_ras	0.03295940059142523	0.2	250	0.05	16	13	CNR	wt,ras	3	0.02	0.0010115963582979222
wt_ras	0.03342838503860191	0.2	250	0.037500000000000006	17	13	CNR	wt,ras	3	0.02	0.0009853773113794701
wt_ras	0.0326578879620214	0.2	250	0.05	18	13	CNR	wt,ras	3	0.02	0.00097250701502855
wt_ras	0.03346242826798443	0.2	250	0.05	19	13	CNR	wt,ras	3	0.02	0.0009430061813396422
wt_braf	0.05705814296802986	0.5	250	0.15625	0	13	CNR	wt,braf	3	0.02	0.005904583773299741
wt_braf	0.039731255711695876	0.5	250	0.21250000000000002	1	13	CNR	wt,braf	5	0.02	0.005915372282928729
wt_braf	0.06864982893951109	0.5	250	0.184375	2	13	CNR	wt,braf	7	0.02	0.005603284587601494
wt_braf	0.06058243630188932	0.5	250	0.21250000000000002	3	13	CNR	wt,braf	4	0.02	0.005972301816637297
wt_braf	0.04882553658776621	0.5	250	0.21250000000000002	4	13	CNR	wt,braf	4	0.02	0.006088593761812191
wt_braf	0.0513581923867094	0.5	250	0.15625	5	13	CNR	wt,braf	4	0.02	0.005735728739804273
wt_braf	0.10122669399328638	0.5	250	0.21250000000000002	6	13	CNR	wt,braf	3	0.02	0.006305044339406933
wt_braf	0.10228492370313302	0.5	250	0.15625	7	13	CNR	wt,braf	4	0.02	0.005898603304174907
wt_braf	0.04889012362235693	0.5	250	0.21250000000000002	8	13	CNR	wt,braf	3	0.02	0.006339918639905289
wt_braf	0.1074561915069859	0.5	250	0.21250000000000002	9	13	CNR	wt,braf	6	0.02	0.006029666892479037
wt_braf	0.07095143146827208	0.5	250	0.19843750000000002	10	13	CNR	wt,braf	7	0.02	0.005899513769249111
wt_braf	0.055416212250143745	0.5	250	0.21250000000000002	11	13	CNR	wt,braf	6	0.02	0.006112554119944708
wt_braf	0.0538937664120937	0.5	250	0.184375	12	13	CNR	wt,braf	4	0.02	0.00572629499594479
wt_braf	0.04450535509167632	0.5	250	0.15625	13	13	CNR	wt,braf	5	0.02	0.006051215637681876
wt_braf	0.07197435389630791	0.5	250	0.184375	14	13	CNR	wt,braf	5	0.02	0.006268515457095981
wt_braf	0.042725627315477986	0.5	250	0.15625	15	13	CNR	wt,braf	6	0.02	0.0055346250469622245
wt_braf	0.04936006163059789	0.5	250	0.184375	16	13	CNR	wt,braf	4	0.02	0.005476292822442412
wt_braf	0.04769791898335156	0.5	250	0.15625	17	13	CNR	wt,braf	3	0.02	0.005930248881660268
wt_braf	0.04812657100484644	0.5	250	0.15625	18	13	CNR	wt,braf	3	0.02	0.00588127958155144
wt_braf	0.05016281076140815	0.5	250	0.19843750000000002	19	13	CNR	wt,braf	3	0.02	0.005799242418954012
wt_ras	0.12147479739357937	0.5	250	0.1650390625	0	13	CNR	wt,ras	3	0.02	0.0053376314973598085
wt_ras	0.03670658470838295	0.5	250	0.14921875	1	13	CNR	wt,ras	5	0.02	0.005315005455441038
wt_ras	0.0887684299578533	0.5	250	0.184375	2	13	CNR	wt,ras	2	0.02	0.0053641740450116986
wt_ras	0.0860395723301984	0.5	250	0.19843750000000002	3	13	CNR	wt,ras	4	0.02	0.005368015854832647
wt_ras	0.10292496180837674	0.5	250	0.19492187500000002	4	13	CNR	wt,ras	4	0.02	0.005469032694087682
wt_ras	0.09679933141753277	0.5	250	0.184375	5	13	CNR	wt,ras	2	0.02	0.005553199552169333
wt_ras	0.04198047232943973	0.5	250	0.1703125	6	13	CNR	wt,ras	4	0.02	0.005311897268188128
wt_ras	0.09015140023774731	0.5	250	0.184375	7	13	CNR	wt,ras	3	0.02	0.005364018878117753
wt_ras	0.048468358041133974	0.5	250	0.17734375000000002	8	13	CNR	wt,ras	5	0.02	0.005785113348760132
wt_ras	0.08095011057647965	0.5	250	0.184375	9	13	CNR	wt,ras	3	0.02	0.005927185168329103
wt_ras	0.08242862052803361	0.5	250	0.21250000000000002	10	13	CNR	wt,ras	3	0.02	0.00533341780057001
wt_ras	0.03711919525390517	0.5	250	0.184375	11	13	CNR	wt,ras	3	0.02	0.005025710016092588
wt_ras	0.09462824977539502	0.5	250	0.166796875	12	13	CNR	wt,ras	3	0.02	0.005403870723872228
wt_ras	0.08254633177318906	0.5	250	0.184375	13	13	CNR	wt,ras	3	0.02	0.005291566385215124
wt_ras	0.04081140494171101	0.5	250	0.21250000000000002	14	13	CNR	wt,ras	3	0.02	0.00512501680294632
wt_ras	0.04265173608311392	0.5	250	0.17734375000000002	15	13	CNR	wt,ras	2	0.02	0.005408705781150185
wt_ras	0.04851946402415927	0.5	250	0.184375	16	13	CNR	wt,ras	3	0.02	0.005562650899636243
wt_ras	0.09612605555629558	0.5	250	0.15625	17	13	CNR	wt,ras	3	0.02	0.004754735386016483
wt_ras	0.0820992357880265	0.5	250	0.17119140625	18	13	CNR	wt,ras	3	0.02	0.005607208090636279
wt_ras	0.03650761653014503	0.5	250	0.15625	19	13	CNR	wt,ras	3	0.02	0.00517643013491734
WT_BRAF	0.022247630869950717	0.0	250	0.00625	0	13	MRA	WT:wt_braf	0	NO_THETA	6.14997963409419e-05
WT_BRAF	0.043512256175944564	0.2	250	0.025	0	13	MRA	WT:wt_braf	0	NO_THETA	0.0010587681757732587
WT_BRAF	0.07610455975951819	0.5	250	0.1	0	13	MRA	WT:wt_braf	0	NO_THETA	0.005677367256630838
WT_BRAF	0.022137654252504975	0.0	250	0.00625	1	13	MRA	WT:wt_braf	0	NO_THETA	8.309401389973778e-05
WT_BRAF	0.037063294847364425	0.2	250	0.025	1	13	MRA	WT:wt_braf	0	NO_THETA	0.001049470000042184
WT_BRAF	0.07520033142388559	0.5	250	0.0921875	1	13	MRA	WT:wt_braf	0	NO_THETA	0.005849553492646809
WT_BRAF	0.021811886053153953	0.0	250	0.0125	2	13	MRA	WT:wt_braf	0	NO_THETA	7.116534524100306e-05
WT_BRAF	0.08137578125127926	0.2	250	0.025	2	13	MRA	WT:wt_braf	0	NO_THETA	0.0010447481637634523
WT_BRAF	0.11339549857834917	0.5	250	0.07500000000000001	2	13	MRA	WT:wt_braf	0	NO_THETA	0.005268856994604845
WT_BRAF	0.03259481936087	0.0	250	0.00625	3	13	MRA	WT:wt_braf	0	NO_THETA	0.00013006696899627127
WT_BRAF	0.07167520229511382	0.2	250	0.0125	3	13	MRA	WT:wt_braf	0	NO_THETA	0.0011551586002582377
WT_BRAF	0.0743159278494971	0.5	250	0.128125	3	13	MRA	WT:wt_braf	0	NO_THETA	0.005871825911129319
WT_BRAF	0.03860595756064775	0.0	250	0.0125	4	13	MRA	WT:wt_braf	0	NO_THETA	7.749588356490569e-05
WT_BRAF	0.05918450782912684	0.2	250	0.025	4	13	MRA	WT:wt_braf	0	NO_THETA	0.0011528508468829277
WT_BRAF	0.13350551198509802	0.5	250	0.13339843749999997	4	13	MRA	WT:wt_braf	0	NO_THETA	0.00554750266034375
WT_BRAF	0.015298596783780878	0.0	250	0.00625	5	13	MRA	WT:wt_braf	0	NO_THETA	8.322354618358379e-05
WT_BRAF	0.033018480338556505	0.2	250	0.03125	5	13	MRA	WT:wt_braf	0	NO_THETA	0.0010140712786877318
WT_BRAF	0.09520541144975474	0.5	250	0.1	5	13	MRA	WT:wt_braf	0	NO_THETA	0.005702828116560583
WT_BRAF	0.022551550116733817	0.0	250	0.0125	6	13	MRA	WT:wt_braf	0	NO_THETA	5.908374493843024e-05
WT_BRAF	0.04203754139382161	0.2	250	0.025	6	13	MRA	WT:wt_braf	0	NO_THETA	0.0010831095573255389
WT_BRAF	0.10116136343605374	0.5	250	0.11054687499999999	6	13	MRA	WT:wt_braf	0	NO_THETA	0.006350373372512452
WT_BRAF	0.013433651077750311	0.0	250	0.0125	7	13	MRA	WT:wt_braf	0	NO_THETA	7.176218466495921e-05
WT_BRAF	0.04301791797289933	0.2	250	0.025	7	13	MRA	WT:wt_braf	0	NO_THETA	0.0009865023388594574
WT_BRAF	0.1287455572683618	0.5	250	0.07812500000000001	7	13	MRA	WT:wt_braf	0	NO_THETA	0.005820914634263927
WT_BRAF	0.020129494074811058	0.0	250	0.00625	8	13	MRA	WT:wt_braf	0	NO_THETA	6.900573141528959e-05
WT_BRAF	0.03365844226774805	0.2	250	0.025	8	13	MRA	WT:wt_braf	0	NO_THETA	0.0011229696299350953
WT_BRAF	0.0836630885732181	0.5	250	0.1140625	8	13	MRA	WT:wt_braf	0	NO_THETA	0.006085089259486179
WT_BRAF	0.02111608524372475	0.0	250	0.00625	9	13	MRA	WT:wt_braf	0	NO_THETA	8.013594911447887e-05
WT_BRAF	0.04246830631945372	0.2	250	0.0125	9	13	MRA	WT:wt_braf	0	NO_THETA	0.0010079595967621682
WT_BRAF	0.11576423033874347	0.5	250	0.14921875	9	13	MRA	WT:wt_braf	0	NO_THETA	0.006717821836922736
WT_BRAF	0.027114244607999494	0.0	250	0.0125	10	13	MRA	WT:wt_braf	0	NO_THETA	9.418527353521578e-05
WT_BRAF	0.054439142567877186	0.2	250	0.025	10	13	MRA	WT:wt_braf	0	NO_THETA	0.001081680883355028
WT_BRAF	0.11469500098232333	0.5	250	0.08750000000000001	10	13	MRA	WT:wt_braf	0	NO_THETA	0.005587914116342961
WT_BRAF	0.034374162631619756	0.0	250	0.00625	11	13	MRA	WT:wt_braf	0	NO_THETA	8.838832266479719e-05
WT_BRAF	0.06216527860843062	0.2	250	0.025	11	13	MRA	WT:wt_braf	0	NO_THETA	0.0011641482746986725
WT_BRAF	0.06532014336396454	0.5	250	0.09609375	11	13	MRA	WT:wt_braf	0	NO_THETA	0.005948275984513885
WT_BRAF	0.04263052546376867	0.0	250	0.0125	12	13	MRA	WT:wt_braf	0	NO_THETA	7.786319159115491e-05
WT_BRAF	0.05224760864510741	0.2	250	0.025	12	13	MRA	WT:wt_braf	0	NO_THETA	0.001220299684199339
WT_BRAF	0.10270628762205122	0.5	250	0.1193359375	12	13	MRA	WT:wt_braf	0	NO_THETA	0.006220209811532408
WT_BRAF	0.024923297366692587	0.0	250	0.00625	13	13	MRA	WT:wt_braf	0	NO_THETA	0.00011335978863522267
WT_BRAF	0.04535109233893312	0.2	250	0.025	13	13	MRA	WT:wt_braf	0	NO_THETA	0.0011335520552180618
WT_BRAF	0.05014763967013397	0.5	250	0.1	13	13	MRA	WT:wt_braf	0	NO_THETA	0.005663881343873697
WT_BRAF	0.017306885513040462	0.0	250	0.00625	14	13	MRA	WT:wt_braf	0	NO_THETA	6.56697278696455e-05
WT_BRAF	0.06128622034229338	0.2	250	0.0125	14	13	MRA	WT:wt_braf	0	NO_THETA	0.001032258649510419
WT_BRAF	0.11767164125126144	0.5	250	0.10703125	14	13	MRA	WT:wt_braf	0	NO_THETA	0.006738245494965327
WT_BRAF	0.013244612004717049	0.0	250	0.0125	15	13	MRA	WT:wt_braf	0	NO_THETA	6.902041168997225e-05
WT_BRAF	0.041777574953390934	0.2	250	0.025	15	13	MRA	WT:wt_braf	0	NO_THETA	0.0011703413005825544
WT_BRAF	0.08635518066822193	0.5	250	0.09062500000000001	15	13	MRA	WT:wt_braf	0	NO_THETA	0.005171353207656875
WT_BRAF	0.024888200594569965	0.0	250	0.00625	16	13	MRA	WT:wt_braf	0	NO_THETA	7.530765004666903e-05
WT_BRAF	0.07598575650197478	0.2	250	0.025	16	13	MRA	WT:wt_braf	0	NO_THETA	0.0013388339106964978
WT_BRAF	0.06262540211023203	0.5	250	0.08750000000000001	16	13	MRA	WT:wt_braf	0	NO_THETA	0.0051828325672029375
WT_BRAF	0.019713088808782576	0.0	250	0.00625	17	13	MRA	WT:wt_braf	0	NO_THETA	0.00011107901246371712
WT_BRAF	0.03839708595750939	0.2	250	0.025	17	13	MRA	WT:wt_braf	0	NO_THETA	0.0010780765410050533
WT_BRAF	0.0545363926057577	0.5	250	0.09375	17	13	MRA	WT:wt_braf	0	NO_THETA	0.006071207236210641
WT_BRAF	0.018880592813522976	0.0	250	0.00625	18	13	MRA	WT:wt_braf	0	NO_THETA	7.935458336930137e-05
WT_BRAF	0.04860538128894682	0.2	250	0.025	18	13	MRA	WT:wt_braf	0	NO_THETA	0.0011845737972681573
WT_BRAF	0.08134947382798384	0.5	250	0.07500000000000001	18	13	MRA	WT:wt_braf	0	NO_THETA	0.00503546927972345
WT_BRAF	0.013378499654568783	0.0	250	0.0125	19	13	MRA	WT:wt_braf	0	NO_THETA	0.00014327171903054164
WT_BRAF	0.07054370648160767	0.2	250	0.025	19	13	MRA	WT:wt_braf	0	NO_THETA	0.0011147256718988324
WT_BRAF	0.07075413431196102	0.5	250	0.1	19	13	MRA	WT:wt_braf	0	NO_THETA	0.0058053169407336035
WT_RAS	0.051085609270086554	0.0	250	0.0125	0	13	MRA	WT:wt_ras	0	NO_THETA	7.686712705403466e-05
WT_RAS	0.06725423352740048	0.2	250	0.025	0	13	MRA	WT:wt_ras	0	NO_THETA	0.0011584701733294057
WT_RAS	0.15750838839293904	0.5	250	0.1158203125	0	13	MRA	WT:wt_ras	0	NO_THETA	0.006302787483851887
WT_RAS	0.05082555528782663	0.0	250	0.0125	1	13	MRA	WT:wt_ras	0	NO_THETA	6.639229098978625e-05
WT_RAS	0.06776829327887665	0.2	250	0.025	1	13	MRA	WT:wt_ras	0	NO_THETA	0.0011779181845613807
WT_RAS	0.15198334358095153	0.5	250	0.1	1	13	MRA	WT:wt_ras	0	NO_THETA	0.0057045779620872395
WT_RAS	0.04594864607907932	0.0	250	0.0125	2	13	MRA	WT:wt_ras	0	NO_THETA	0.00011520884765087898
WT_RAS	0.03985429673216241	0.2	250	0.03125	2	13	MRA	WT:wt_ras	0	NO_THETA	0.0010999419767543258
WT_RAS	0.1123820268111572	0.5	250	0.1	2	13	MRA	WT:wt_ras	0	NO_THETA	0.005531751592991959
WT_RAS	0.05767516156842921	0.0	250	0.0125	3	13	MRA	WT:wt_ras	0	NO_THETA	7.97712947954255e-05
WT_RAS	0.07564889964737526	0.2	250	0.018750000000000003	3	13	MRA	WT:wt_ras	0	NO_THETA	0.0011058084129811835
WT_RAS	0.1163653749610538	0.5	250	0.09375	3	13	MRA	WT:wt_ras	0	NO_THETA	0.005908028128238401
WT_RAS	0.044027271165139166	0.0	250	0.0125	4	13	MRA	WT:wt_ras	0	NO_THETA	0.00010110588029966415
WT_RAS	0.06375299521747332	0.2	250	0.010156250000000002	4	13	MRA	WT:wt_ras	0	NO_THETA	0.0010309674395326286
WT_RAS	0.13319303605759147	0.5	250	0.128125	4	13	MRA	WT:wt_ras	0	NO_THETA	0.005471875976355529
WT_RAS	0.05230388010255517	0.0	250	0.0125	5	13	MRA	WT:wt_ras	0	NO_THETA	0.00010024980153190603
WT_RAS	0.06470307368529896	0.2	250	0.018750000000000003	5	13	MRA	WT:wt_ras	0	NO_THETA	0.0011596974024051514
WT_RAS	0.13146821173233317	0.5	250	0.1	5	13	MRA	WT:wt_ras	0	NO_THETA	0.005857740972978517
WT_RAS	0.06127822693355321	0.0	250	0.00625	6	13	MRA	WT:wt_ras	0	NO_THETA	8.641153344553412e-05
WT_RAS	0.06872511431904317	0.2	250	0.025	6	13	MRA	WT:wt_ras	0	NO_THETA	0.0012172684584706248
WT_RAS	0.11975188573865228	0.5	250	0.1	6	13	MRA	WT:wt_ras	0	NO_THETA	0.005606977230527822
WT_RAS	0.05553115222377085	0.0	250	0.0125	7	13	MRA	WT:wt_ras	0	NO_THETA	6.621719642346136e-05
WT_RAS	0.07176698699697352	0.2	250	0.025	7	13	MRA	WT:wt_ras	0	NO_THETA	0.0011904705234259318
WT_RAS	0.1382473250795501	0.5	250	0.1	7	13	MRA	WT:wt_ras	0	NO_THETA	0.005870516377016176
WT_RAS	0.05156086916709519	0.0	250	0.00625	8	13	MRA	WT:wt_ras	0	NO_THETA	6.663529437625277e-05
WT_RAS	0.06935825162223727	0.2	250	0.021875000000000002	8	13	MRA	WT:wt_ras	0	NO_THETA	0.0011701164431706307
WT_RAS	0.1375345343715757	0.5	250	0.1	8	13	MRA	WT:wt_ras	0	NO_THETA	0.006680749632990354
WT_RAS	0.04617063849935247	0.0	250	0.0125	9	13	MRA	WT:wt_ras	0	NO_THETA	9.557397083886759e-05
WT_RAS	0.07088425000903552	0.2	250	0.025	9	13	MRA	WT:wt_ras	0	NO_THETA	0.0011524067149054635
WT_RAS	0.13473916234207536	0.5	250	0.12109375	9	13	MRA	WT:wt_ras	0	NO_THETA	0.006839471872002224
WT_RAS	0.03181688784269999	0.0	250	0.00625	10	13	MRA	WT:wt_ras	0	NO_THETA	6.440485636939089e-05
WT_RAS	0.08912373274781354	0.2	250	0.025	10	13	MRA	WT:wt_ras	0	NO_THETA	0.0011566084994390755
WT_RAS	0.1170147271410158	0.5	250	0.12109375	10	13	MRA	WT:wt_ras	0	NO_THETA	0.005753446477816857
WT_RAS	0.040311550571479914	0.0	250	0.0125	11	13	MRA	WT:wt_ras	0	NO_THETA	8.552433885958341e-05
WT_RAS	0.07592867221946198	0.2	250	0.025	11	13	MRA	WT:wt_ras	0	NO_THETA	0.0010430944375872655
WT_RAS	0.08040393227512486	0.5	250	0.08750000000000001	11	13	MRA	WT:wt_ras	0	NO_THETA	0.005263071328293269
WT_RAS	0.05416264804992276	0.0	250	0.00625	12	13	MRA	WT:wt_ras	0	NO_THETA	0.00011495711401689867
WT_RAS	0.07488566477122344	0.2	250	0.0125	12	13	MRA	WT:wt_ras	0	NO_THETA	0.0010816782505052042
WT_RAS	0.15658091479344638	0.5	250	0.104833984375	12	13	MRA	WT:wt_ras	0	NO_THETA	0.005882173881754409
WT_RAS	0.0586849705046516	0.0	250	0.0125	13	13	MRA	WT:wt_ras	0	NO_THETA	0.00010471522575806382
WT_RAS	0.07394286925010311	0.2	250	0.025	13	13	MRA	WT:wt_ras	0	NO_THETA	0.001125769175571643
WT_RAS	0.1482239425022608	0.5	250	0.128125	13	13	MRA	WT:wt_ras	0	NO_THETA	0.005969578904223847
WT_RAS	0.04165081544243172	0.0	250	0.00625	14	13	MRA	WT:wt_ras	0	NO_THETA	6.765904891835516e-05
WT_RAS	0.056599599025446465	0.2	250	0.018750000000000003	14	13	MRA	WT:wt_ras	0	NO_THETA	0.0011528635578361458
WT_RAS	0.09464093985566518	0.5	250	0.1140625	14	13	MRA	WT:wt_ras	0	NO_THETA	0.0055389519319377885
WT_RAS	0.03615177835818921	0.0	250	0.00625	15	13	MRA	WT:wt_ras	0	NO_THETA	8.122820909098326e-05
WT_RAS	0.06044168004899347	0.2	250	0.0171875	15	13	MRA	WT:wt_ras	0	NO_THETA	0.0010765857636472072
WT_RAS	0.13381930989979268	0.5	250	0.1	15	13	MRA	WT:wt_ras	0	NO_THETA	0.006557138575024223
WT_RAS	0.04598359058375946	0.0	250	0.00625	16	13	MRA	WT:wt_ras	0	NO_THETA	6.128090050956248e-05
WT_RAS	0.07659202048356156	0.2	250	0.025	16	13	MRA	WT:wt_ras	0	NO_THETA	0.0010257348958362322
WT_RAS	0.10986028585173081	0.5	250	0.1228515625	16	13	MRA	WT:wt_ras	0	NO_THETA	0.006883880555276063
WT_RAS	0.0577887702273984	0.0	250	0.0125	17	13	MRA	WT:wt_ras	0	NO_THETA	6.641998847998564e-05
WT_RAS	0.08019039228305264	0.2	250	0.037500000000000006	17	13	MRA	WT:wt_ras	0	NO_THETA	0.0011238925030217029
WT_RAS	0.12053691119463227	0.5	250	0.1	17	13	MRA	WT:wt_ras	0	NO_THETA	0.005338594334264725
WT_RAS	0.05026410202592237	0.0	250	0.0125	18	13	MRA	WT:wt_ras	0	NO_THETA	6.76384498680869e-05
WT_RAS	0.07294264908362857	0.2	250	0.025	18	13	MRA	WT:wt_ras	0	NO_THETA	0.0010903760169885903
WT_RAS	0.12430711408410144	0.5	250	0.1140625	18	13	MRA	WT:wt_ras	0	NO_THETA	0.0066090610665925165
WT_RAS	0.057927980368516284	0.0	250	0.0125	19	13	MRA	WT:wt_ras	0	NO_THETA	7.36087436362959e-05
WT_RAS	0.06977153319639713	0.2	250	0.025	19	13	MRA	WT:wt_ras	0	NO_THETA	0.0009716791119632344
WT_RAS	0.08076420235986274	0.5	250	0.1052734375	19	13	MRA	WT:wt_ras	0	NO_THETA	0.005773529547997323
