NOISE	CELLNUM	ETA	REPEAT	EDGES	MODELTYPE	POPULATIONS	NUMDIFFEDGES	THETA	RESIDUALS	TPR	FPR	RMSE_WT	RMSE_BRAF	RMSE_RAS
0.0	250	0.003125	0	13	CNR	wt,braf	5	0.02	7.008225516019902e-05	0.8461538461538461	0.020618556701030927	0.048177194659396905	0.05437063815278591	
0.0	250	0.00625	0	13	MRA	WT:wt_braf	0	NO_THETA	6.14997963409419e-05	0.8461538461538461	0.020618556701030927	0.043308192611523855		
0.0	250	0.00048828125	0	13	MRA	BRAF:wt_braf	0	NO_THETA	5.694958492457539e-05	0.7692307692307693	0.030927835051546393	NULL	0.04177851960062776	NULL
0.0	250	0.0125	0	13	CNR	wt,ras	3	0.02	9.862961806978178e-05	0.9230769230769231	0.010309278350515464	0.045546422249694726		0.06047850408223096
0.0	250	0.0125	0	13	MRA	WT:wt_ras	0	NO_THETA	7.686712705403466e-05	0.9230769230769231	0.010309278350515464	0.05101548963652616		
0.0	250	0.05	0	12	MRA	RAS:wt_ras	0	NO_THETA	7.757305884773475e-05	0.9230769230769231	0.0	NULL	NULL	0.004778332413304945
0.0	250	0.003125	1	13	CNR	wt,braf	5	0.02	8.158731277865613e-05	0.9230769230769231	0.010309278350515464	0.048556192087178186	0.05896785925121484	
0.0	250	0.00625	1	13	MRA	WT:wt_braf	0	NO_THETA	8.309401389973778e-05	0.9230769230769231	0.010309278350515464	0.03686020346259287		
0.0	250	0.00078125	1	13	MRA	BRAF:wt_braf	0	NO_THETA	6.359195587383384e-05	0.7692307692307693	0.030927835051546393	NULL	0.0570762115966227	NULL
0.0	250	0.0125	1	13	CNR	wt,ras	3	0.02	8.98965327765348e-05	0.9230769230769231	0.010309278350515464	0.04526961957717118		0.06011799069200287
0.0	250	0.0125	1	13	MRA	WT:wt_ras	0	NO_THETA	6.639229098978625e-05	0.9230769230769231	0.010309278350515464	0.05020803000020367		
0.0	250	0.05	1	12	MRA	RAS:wt_ras	0	NO_THETA	8.072510558715825e-05	0.9230769230769231	0.0	NULL	NULL	0.005334939023062433
0.0	250	0.00625	2	13	CNR	wt,braf	5	0.02	8.131596107392363e-05	0.8461538461538461	0.020618556701030927	0.06172176636939941	0.07220585548593648	
0.0	250	0.0125	2	13	MRA	WT:wt_braf	0	NO_THETA	7.116534524100306e-05	0.9230769230769231	0.010309278350515464	0.04473779980313108		
0.0	250	0.0002197265625	2	13	MRA	BRAF:wt_braf	0	NO_THETA	5.464823309554471e-05	0.7692307692307693	0.030927835051546393	NULL	0.07144591367616517	NULL
0.0	250	0.025	2	13	CNR	wt,ras	3	0.02	0.00011858937408004477	0.9230769230769231	0.010309278350515464	0.04605097403213076		0.05998023338027769
0.0	250	0.0125	2	13	MRA	WT:wt_ras	0	NO_THETA	0.00011520884765087898	0.9230769230769231	0.010309278350515464	0.046945901956018096		
0.0	250	0.05	2	12	MRA	RAS:wt_ras	0	NO_THETA	9.738860988399515e-05	0.9230769230769231	0.0	NULL	NULL	0.0036229773447962713
0.0	250	0.003125	3	13	CNR	wt,braf	5	0.02	0.00013094654462852097	0.9230769230769231	0.010309278350515464	0.09324782051322444	0.1040566335792276	
0.0	250	0.00625	3	13	MRA	WT:wt_braf	0	NO_THETA	0.00013006696899627127	0.9230769230769231	0.010309278350515464	0.0827462986370249		
0.0	250	0.001953125	3	13	MRA	BRAF:wt_braf	0	NO_THETA	0.0001144271900470973	0.7692307692307693	0.030927835051546393	NULL	0.11857949125890926	NULL
0.0	250	0.05	3	14	CNR	wt,ras	3	0.02	9.59976114593724e-05	0.9230769230769231	0.010309278350515464	0.05332119042347119		0.06706437803944838
0.0	250	0.0125	3	13	MRA	WT:wt_ras	0	NO_THETA	7.97712947954255e-05	0.9230769230769231	0.010309278350515464	0.05722345674737834		
0.0	250	0.05	3	12	MRA	RAS:wt_ras	0	NO_THETA	8.203832261793943e-05	0.9230769230769231	0.0	NULL	NULL	0.004349683101867071
0.0	250	0.00625	4	13	CNR	wt,braf	5	0.02	0.00011519497036137709	0.9230769230769231	0.010309278350515464	0.06770051034534044	0.0783935301803251	
0.0	250	0.0125	4	13	MRA	WT:wt_braf	0	NO_THETA	7.749588356490569e-05	0.9230769230769231	0.010309278350515464	0.039417586774541616		
0.0	250	0.0017150936648249627	4	12	MRA	BRAF:wt_braf	0	NO_THETA	0.00011715393850701384	0.7692307692307693	0.020618556701030927	NULL	0.08573952573218611	NULL
0.0	250	0.0125	4	13	CNR	wt,ras	3	0.02	0.00010758107681189762	0.9230769230769231	0.010309278350515464	0.038407782086964694		0.05374551810803759
0.0	250	0.0125	4	13	MRA	WT:wt_ras	0	NO_THETA	0.00010110588029966415	0.9230769230769231	0.010309278350515464	0.042886775387920836		
0.0	250	0.05	4	12	MRA	RAS:wt_ras	0	NO_THETA	8.300612961094693e-05	0.9230769230769231	0.0	NULL	NULL	0.0044655750399746124
0.0	250	0.003125	5	13	CNR	wt,braf	5	0.02	7.828680771304234e-05	0.9230769230769231	0.010309278350515464	0.06417104385351695	0.07489474930162772	
0.0	250	0.00625	5	13	MRA	WT:wt_braf	0	NO_THETA	8.322354618358379e-05	0.9230769230769231	0.010309278350515464	0.05691408676265879		
0.0	250	0.0005449922755360603	5	12	MRA	BRAF:wt_braf	0	NO_THETA	5.8601675385616306e-05	0.7692307692307693	0.020618556701030927	NULL	0.07055389337423401	NULL
0.0	250	0.0125	5	13	CNR	wt,ras	3	0.02	0.00010112221299260345	0.9230769230769231	0.010309278350515464	0.0393395203984769		0.055207658026086584
0.0	250	0.0125	5	13	MRA	WT:wt_ras	0	NO_THETA	0.00010024980153190603	0.8461538461538461	0.020618556701030927	0.05173647769745668		
0.0	250	0.025	5	12	MRA	RAS:wt_ras	0	NO_THETA	6.685801245584308e-05	0.9230769230769231	0.0	NULL	NULL	0.0029002901473973767
0.0	250	0.003125	6	13	CNR	wt,braf	5	0.02	7.537139208983162e-05	0.9230769230769231	0.010309278350515464	0.05245213899672439	0.06351621964351568	
0.0	250	0.0125	6	13	MRA	WT:wt_braf	0	NO_THETA	5.908374493843024e-05	0.9230769230769231	0.010309278350515464	0.05143298545947669		
0.0	250	0.00078125	6	13	MRA	BRAF:wt_braf	0	NO_THETA	7.169941970918508e-05	0.7692307692307693	0.030927835051546393	NULL	0.050638033467986614	NULL
0.0	250	0.025	6	13	CNR	wt,ras	3	0.02	0.00010805436349174428	0.9230769230769231	0.010309278350515464	0.05156627312825169		0.06604819340590663
0.0	250	0.00625	6	13	MRA	WT:wt_ras	0	NO_THETA	8.641153344553412e-05	0.9230769230769231	0.010309278350515464	0.06043916405633892		
0.0	250	0.025	6	12	MRA	RAS:wt_ras	0	NO_THETA	7.839300936174107e-05	0.9230769230769231	0.0	NULL	NULL	0.0054584511749056494
0.0	250	0.00625	7	13	CNR	wt,braf	5	0.02	7.891560410270413e-05	0.9230769230769231	0.010309278350515464	0.06278647616761156	0.073938250271113	
0.0	250	0.0125	7	13	MRA	WT:wt_braf	0	NO_THETA	7.176218466495921e-05	0.9230769230769231	0.010309278350515464	0.06761328285195672		
0.0	250	0.00033874511718750004	7	13	MRA	BRAF:wt_braf	0	NO_THETA	4.8976944008910565e-05	0.7692307692307693	0.030927835051546393	NULL	0.057624183828946074	NULL
0.0	250	0.025	7	14	CNR	wt,ras	3	0.02	9.173016198010647e-05	0.9230769230769231	0.010309278350515464	0.04859679748955188		0.06303327327850133
0.0	250	0.0125	7	13	MRA	WT:wt_ras	0	NO_THETA	6.621719642346136e-05	0.9230769230769231	0.010309278350515464	0.05656757602120077		
0.0	250	0.05	7	12	MRA	RAS:wt_ras	0	NO_THETA	8.18306964233064e-05	0.9230769230769231	0.0	NULL	NULL	0.006458904138712053
0.0	250	0.003125	8	13	CNR	wt,braf	5	0.02	8.889755006842694e-05	0.9230769230769231	0.010309278350515464	0.0512424650665816	0.06225007071229201	
0.0	250	0.00625	8	13	MRA	WT:wt_braf	0	NO_THETA	6.900573141528959e-05	0.9230769230769231	0.010309278350515464	0.04212579152599518		
0.0	250	0.00078125	8	13	MRA	BRAF:wt_braf	0	NO_THETA	7.094200448944931e-05	0.7692307692307693	0.030927835051546393	NULL	0.05844776517599822	NULL
0.0	250	0.025	8	13	CNR	wt,ras	3	0.02	8.226558438759299e-05	0.9230769230769231	0.010309278350515464	0.04240681335220124		0.05708571991545473
0.0	250	0.00625	8	13	MRA	WT:wt_ras	0	NO_THETA	6.663529437625277e-05	0.9230769230769231	0.010309278350515464	0.0522764625563135		
0.0	250	0.05	8	12	MRA	RAS:wt_ras	0	NO_THETA	5.846447736779519e-05	0.9230769230769231	0.0	NULL	NULL	0.0022933081406517684
0.0	250	0.003125	9	13	CNR	wt,braf	5	0.02	0.00010016764698414297	0.9230769230769231	0.010309278350515464	0.07108383014263372	0.08172292280120778	
0.0	250	0.00625	9	13	MRA	WT:wt_braf	0	NO_THETA	8.013594911447887e-05	0.9230769230769231	0.010309278350515464	0.052278761808723005		
0.0	250	0.0021879693493247034	9	12	MRA	BRAF:wt_braf	0	NO_THETA	9.985659407206231e-05	0.7692307692307693	0.020618556701030927	NULL	0.07721690159459511	NULL
0.0	250	0.025	9	13	CNR	wt,ras	3	0.02	0.00010124762907574426	0.9230769230769231	0.010309278350515464	0.04975906924387723		0.06468375293648786
0.0	250	0.0125	9	13	MRA	WT:wt_ras	0	NO_THETA	9.557397083886759e-05	0.9230769230769231	0.010309278350515464	0.045708354740973546		
0.0	250	0.025	9	12	MRA	RAS:wt_ras	0	NO_THETA	7.678040490913853e-05	0.9230769230769231	0.0	NULL	NULL	0.0038785872331014975
0.0	250	0.00625	10	13	CNR	wt,braf	5	0.02	0.00010151192346008414	0.9230769230769231	0.010309278350515464	0.08133488429726958	0.09192213782401906	
0.0	250	0.0125	10	13	MRA	WT:wt_braf	0	NO_THETA	9.418527353521578e-05	0.9230769230769231	0.010309278350515464	0.06252540111280627		
0.0	250	0.0003662109375	10	13	MRA	BRAF:wt_braf	0	NO_THETA	8.234814949616571e-05	0.7692307692307693	0.030927835051546393	NULL	0.10288591265916135	NULL
0.0	250	0.0125	10	13	CNR	wt,ras	3	0.02	9.490407114940315e-05	0.9230769230769231	0.010309278350515464	0.0383719129743871		0.05320794694415158
0.0	250	0.00625	10	13	MRA	WT:wt_ras	0	NO_THETA	6.440485636939089e-05	0.9230769230769231	0.010309278350515464	0.03136056786717598		
0.0	250	0.025	10	12	MRA	RAS:wt_ras	0	NO_THETA	0.00010339648431661012	0.9230769230769231	0.0	NULL	NULL	0.003891356789236547
0.0	250	0.0037109375	11	13	CNR	wt,braf	5	0.02	9.902923616620952e-05	0.8461538461538461	0.020618556701030927	0.06742362961408128	0.07759028786814413	
0.0	250	0.00625	11	14	MRA	WT:wt_braf	0	NO_THETA	8.838832266479719e-05	0.9230769230769231	0.010309278350515464	0.041381397183282737		
0.0	250	0.00078125	11	13	MRA	BRAF:wt_braf	0	NO_THETA	8.452734688741808e-05	0.7692307692307693	0.030927835051546393	NULL	0.08346463286283987	NULL
0.0	250	0.0125	11	13	CNR	wt,ras	3	0.02	0.00010920753574933804	0.9230769230769231	0.010309278350515464	0.03164389110987415		0.04838073543799355
0.0	250	0.0125	11	13	MRA	WT:wt_ras	0	NO_THETA	8.552433885958341e-05	0.9230769230769231	0.010309278350515464	0.0399667226183798		
0.0	250	0.025	11	12	MRA	RAS:wt_ras	0	NO_THETA	0.00010005952696411527	0.9230769230769231	0.0	NULL	NULL	0.007789878287903162
0.0	250	0.003125	12	13	CNR	wt,braf	5	0.02	9.055201066874689e-05	0.9230769230769231	0.010309278350515464	0.05448141330660711	0.06533205756994093	
0.0	250	0.0125	12	13	MRA	WT:wt_braf	0	NO_THETA	7.786319159115491e-05	0.9230769230769231	0.010309278350515464	0.0573858039236524		
0.0	250	0.0006743082776665688	12	15	MRA	BRAF:wt_braf	0	NO_THETA	7.449048149468717e-05	0.8461538461538461	0.041237113402061855	NULL	0.049449751320136494	NULL
0.0	250	0.025	12	13	CNR	wt,ras	3	0.02	0.0001143840378639394	0.9230769230769231	0.010309278350515464	0.049097046180495624		0.06301098233350148
0.0	250	0.00625	12	13	MRA	WT:wt_ras	0	NO_THETA	0.00011495711401689867	0.9230769230769231	0.010309278350515464	0.05407547190190931		
0.0	250	0.025	12	12	MRA	RAS:wt_ras	0	NO_THETA	7.988390773855629e-05	0.9230769230769231	0.0	NULL	NULL	0.003512472927104539
0.0	250	0.003125	13	13	CNR	wt,braf	5	0.02	0.00011315637949050933	0.9230769230769231	0.010309278350515464	0.07594788627859347	0.08674879631609743	
0.0	250	0.00625	13	13	MRA	WT:wt_braf	0	NO_THETA	0.00011335978863522267	0.9230769230769231	0.010309278350515464	0.05679007693507047		
0.0	250	0.000649463199079037	13	14	MRA	BRAF:wt_braf	0	NO_THETA	7.981249513574595e-05	0.7692307692307693	0.041237113402061855	NULL	0.09066940180941557	NULL
0.0	250	0.025	13	13	CNR	wt,ras	3	0.02	0.00011962675959965012	0.9230769230769231	0.010309278350515464	0.04666118382805432		0.0619517477282977
0.0	250	0.0125	13	13	MRA	WT:wt_ras	0	NO_THETA	0.00010471522575806382	0.9230769230769231	0.010309278350515464	0.059798524121628525		
0.0	250	0.025	13	12	MRA	RAS:wt_ras	0	NO_THETA	0.0001050612377378862	0.9230769230769231	0.0	NULL	NULL	0.009405847757950716
0.0	250	0.00625	14	13	CNR	wt,braf	5	0.02	7.356663083801406e-05	0.9230769230769231	0.010309278350515464	0.054948286108884824	0.06592425934218253	
0.0	250	0.00625	14	13	MRA	WT:wt_braf	0	NO_THETA	6.56697278696455e-05	0.9230769230769231	0.010309278350515464	0.039686646644989304		
0.0	250	0.00029296875000000004	14	13	MRA	BRAF:wt_braf	0	NO_THETA	6.079706554160467e-05	0.7692307692307693	0.030927835051546393	NULL	0.05613037259988323	NULL
0.0	250	0.0125	14	13	CNR	wt,ras	3	0.02	7.852569822065589e-05	0.9230769230769231	0.010309278350515464	0.03249823465798452		0.048533900991593805
0.0	250	0.00625	14	13	MRA	WT:wt_ras	0	NO_THETA	6.765904891835516e-05	0.9230769230769231	0.010309278350515464	0.04241047295077255		
0.0	250	0.025	14	12	MRA	RAS:wt_ras	0	NO_THETA	5.677362277927608e-05	0.9230769230769231	0.0	NULL	NULL	0.002584270265684559
0.0	250	0.00625	15	13	CNR	wt,braf	5	0.02	7.498772552644012e-05	0.9230769230769231	0.010309278350515464	0.05877661309562936	0.0696102703676804	
0.0	250	0.0125	15	13	MRA	WT:wt_braf	0	NO_THETA	6.902041168997225e-05	0.9230769230769231	0.010309278350515464	0.0538361008246328		
0.0	250	0.000390625	15	13	MRA	BRAF:wt_braf	0	NO_THETA	5.9169883057480026e-05	0.7692307692307693	0.030927835051546393	NULL	0.044039180036536715	NULL
0.0	250	0.0125	15	13	CNR	wt,ras	3	0.02	0.00011058369964256576	0.9230769230769231	0.010309278350515464	0.03517014324456283		0.050669760810150136
0.0	250	0.00625	15	13	MRA	WT:wt_ras	0	NO_THETA	8.122820909098326e-05	0.9230769230769231	0.010309278350515464	0.03523201772939017		
0.0	250	0.025	15	12	MRA	RAS:wt_ras	0	NO_THETA	0.0001060294490505588	0.9230769230769231	0.0	NULL	NULL	0.004564849723306738
0.0	250	0.003125	16	13	CNR	wt,braf	5	0.02	9.444643396534746e-05	0.9230769230769231	0.010309278350515464	0.05820580782693065	0.0691980362567664	
0.0	250	0.00625	16	13	MRA	WT:wt_braf	0	NO_THETA	7.530765004666903e-05	0.9230769230769231	0.010309278350515464	0.04167125858683475		
0.0	250	0.0011718750000000002	16	13	MRA	BRAF:wt_braf	0	NO_THETA	7.495829871995004e-05	0.7692307692307693	0.030927835051546393	NULL	0.06582078466668564	NULL
0.0	250	0.0125	16	14	CNR	wt,ras	3	0.02	0.00011017742270909096	0.9230769230769231	0.010309278350515464	0.03512382651733683		0.050300033457060904
0.0	250	0.00625	16	13	MRA	WT:wt_ras	0	NO_THETA	6.128090050956248e-05	0.9230769230769231	0.010309278350515464	0.04447543466848137		
0.0	250	0.05	16	12	MRA	RAS:wt_ras	0	NO_THETA	0.00011539614339410023	0.9230769230769231	0.0	NULL	NULL	0.007545039430104606
0.0	250	0.003125	17	13	CNR	wt,braf	5	0.02	9.928218205183215e-05	0.9230769230769231	0.010309278350515464	0.07560837649287944	0.0861653717020707	
0.0	250	0.00625	17	13	MRA	WT:wt_braf	0	NO_THETA	0.00011107901246371712	0.9230769230769231	0.010309278350515464	0.07543230773727636		
0.0	250	0.00078125	17	13	MRA	BRAF:wt_braf	0	NO_THETA	6.941465807117248e-05	0.7692307692307693	0.030927835051546393	NULL	0.07680471338260236	NULL
0.0	250	0.05	17	13	CNR	wt,ras	3	0.02	0.0001013278223727907	0.9230769230769231	0.010309278350515464	0.05498080499755871		0.0685487600438868
0.0	250	0.0125	17	13	MRA	WT:wt_ras	0	NO_THETA	6.641998847998564e-05	0.9230769230769231	0.010309278350515464	0.059386675433642476		
0.0	250	0.05	17	12	MRA	RAS:wt_ras	0	NO_THETA	0.00010455598775699369	0.9230769230769231	0.0	NULL	NULL	0.004842159361369833
0.0	250	0.003125	18	13	CNR	wt,braf	5	0.02	9.477047885469716e-05	0.9230769230769231	0.010309278350515464	0.05923637998747508	0.07010313277544813	
0.0	250	0.00625	18	13	MRA	WT:wt_braf	0	NO_THETA	7.935458336930137e-05	0.9230769230769231	0.010309278350515464	0.04842634292880172		
0.0	250	0.0018019227311015127	18	11	MRA	BRAF:wt_braf	0	NO_THETA	9.147057323628525e-05	0.7692307692307693	0.010309278350515464	NULL	0.06602428876798522	NULL
0.0	250	0.0125	18	13	CNR	wt,ras	3	0.02	9.588676848594859e-05	0.9230769230769231	0.010309278350515464	0.03525190793963317		0.050260683102111084
0.0	250	0.0125	18	13	MRA	WT:wt_ras	0	NO_THETA	6.76384498680869e-05	0.9230769230769231	0.010309278350515464	0.051675686614680645		
0.0	250	0.05	18	12	MRA	RAS:wt_ras	0	NO_THETA	8.061276222563764e-05	0.9230769230769231	0.0	NULL	NULL	0.004380383689609088
0.0	250	0.003125	19	13	CNR	wt,braf	5	0.02	0.00010639516118501263	0.8461538461538461	0.020618556701030927	0.050175209770943745	0.060665033960099805	
0.0	250	0.0125	19	13	MRA	WT:wt_braf	0	NO_THETA	0.00014327171903054164	0.8461538461538461	0.020618556701030927	0.04440446738344683		
0.0	250	0.000390625	19	13	MRA	BRAF:wt_braf	0	NO_THETA	4.471120128972986e-05	0.8461538461538461	0.020618556701030927	NULL	0.04778551664403514	NULL
0.0	250	0.025	19	13	CNR	wt,ras	3	0.02	9.666297488154003e-05	0.9230769230769231	0.010309278350515464	0.0503824732629781		0.06491861207725258
0.0	250	0.0125	19	13	MRA	WT:wt_ras	0	NO_THETA	7.36087436362959e-05	0.9230769230769231	0.010309278350515464	0.05629516343767715		
0.0	250	0.025	19	12	MRA	RAS:wt_ras	0	NO_THETA	8.828960599128266e-05	0.9230769230769231	0.0	NULL	NULL	0.004593434629205335
0.2	250	0.05	0	13	CNR	wt,braf	4	0.02	0.001141910656578497	0.7692307692307693	0.030927835051546393	0.07615011911202088	0.08044985405011446	
0.2	250	0.025	0	13	MRA	WT:wt_braf	0	NO_THETA	0.0010587681757732587	0.8461538461538461	0.020618556701030927	0.06817798885801202		
0.2	250	0.0125	0	13	MRA	BRAF:wt_braf	0	NO_THETA	0.0011653104498881802	0.6923076923076923	0.041237113402061855	NULL	0.08394641607929947	NULL
0.2	250	0.037500000000000006	0	13	CNR	wt,ras	3	0.02	0.0010471957237699395	0.8461538461538461	0.020618556701030927	0.06269745346533388		0.07991620975994448
0.2	250	0.025	0	13	MRA	WT:wt_ras	0	NO_THETA	0.0011584701733294057	0.7692307692307693	0.030927835051546393	0.0745036264645748		
0.2	250	0.05	0	12	MRA	RAS:wt_ras	0	NO_THETA	0.00088365194242065	0.9230769230769231	0.0	NULL	NULL	0.019120572074434784
0.2	250	0.018750000000000003	1	13	CNR	wt,braf	4	0.02	0.0011166521543642728	0.7692307692307693	0.030927835051546393	0.08704221939547994	0.09217709368541505	
0.2	250	0.025	1	13	MRA	WT:wt_braf	0	NO_THETA	0.001049470000042184	0.8461538461538461	0.020618556701030927	0.0747838838838927		
0.2	250	0.010243593715131283	1	14	MRA	BRAF:wt_braf	0	NO_THETA	0.0011368995375146862	0.6923076923076923	0.05154639175257732	NULL	0.09533026529598955	NULL
0.2	250	0.037500000000000006	1	13	CNR	wt,ras	3	0.02	0.0010707926694015042	0.8461538461538461	0.020618556701030927	0.07649747411015781		0.09114566051617892
0.2	250	0.025	1	13	MRA	WT:wt_ras	0	NO_THETA	0.0011779181845613807	0.8461538461538461	0.020618556701030927	0.08946248898199886		
0.2	250	0.046875	1	12	MRA	RAS:wt_ras	0	NO_THETA	0.0009314394965490816	0.8461538461538461	0.010309278350515464	NULL	NULL	0.07136859218079822
0.2	250	0.034375	2	13	CNR	wt,braf	5	0.02	0.001086670020946631	0.7692307692307693	0.030927835051546393	0.07961955040272806	0.084528432209055	
0.2	250	0.025	2	13	MRA	WT:wt_braf	0	NO_THETA	0.0010447481637634523	0.7692307692307693	0.030927835051546393	0.09231059503299006		
0.2	250	0.0140625	2	13	MRA	BRAF:wt_braf	0	NO_THETA	0.0010733189635156674	0.5384615384615384	0.061855670103092786	NULL	0.10618686879040513	NULL
0.2	250	0.037500000000000006	2	13	CNR	wt,ras	3	0.02	0.001082917128992857	0.8461538461538461	0.020618556701030927	0.06612872054008358		0.08176215618204703
0.2	250	0.03125	2	13	MRA	WT:wt_ras	0	NO_THETA	0.0010999419767543258	0.8461538461538461	0.020618556701030927	0.05549116583878338		
0.2	250	0.05	2	12	MRA	RAS:wt_ras	0	NO_THETA	0.0010232554143548536	0.8461538461538461	0.010309278350515464	NULL	NULL	0.06560673928616631
0.2	250	0.020312500000000004	3	13	CNR	wt,braf	4	0.02	0.0010931851310695938	0.7692307692307693	0.030927835051546393	0.0961345115894846	0.10084719021026456	
0.2	250	0.0125	3	13	MRA	WT:wt_braf	0	NO_THETA	0.0011551586002582377	0.8461538461538461	0.020618556701030927	0.08986576760534212		
0.2	250	0.009375000000000001	3	13	MRA	BRAF:wt_braf	0	NO_THETA	0.0009706211897642943	0.6153846153846154	0.05154639175257732	NULL	0.11067235918777768	NULL
0.2	250	0.037500000000000006	3	13	CNR	wt,ras	3	0.02	0.0009973181388439876	0.8461538461538461	0.020618556701030927	0.08037497065745217		0.09313509898924721
0.2	250	0.018750000000000003	3	13	MRA	WT:wt_ras	0	NO_THETA	0.0011058084129811835	0.8461538461538461	0.020618556701030927	0.08257232779740693		
0.2	250	0.037500000000000006	3	12	MRA	RAS:wt_ras	0	NO_THETA	0.0008771560915252335	0.9230769230769231	0.0	NULL	NULL	0.018518697841170006
0.2	250	0.019531250000000003	4	13	CNR	wt,braf	5	0.02	0.001106557061564762	0.7692307692307693	0.030927835051546393	0.07915549143246907	0.08585780571938499	
0.2	250	0.025	4	13	MRA	WT:wt_braf	0	NO_THETA	0.0011528508468829277	0.7692307692307693	0.030927835051546393	0.07834482204669918		
0.2	250	0.00625	4	13	MRA	BRAF:wt_braf	0	NO_THETA	0.0009997661532707052	0.6923076923076923	0.041237113402061855	NULL	0.08625115402572786	NULL
0.2	250	0.034375	4	13	CNR	wt,ras	5	0.02	0.001016344077041776	0.9230769230769231	0.010309278350515464	0.05461185281796109		0.06281229473809627
0.2	250	0.010156250000000002	4	13	MRA	WT:wt_ras	0	NO_THETA	0.0010309674395326286	0.7692307692307693	0.030927835051546393	0.0697360857815566		
0.2	250	0.037500000000000006	4	12	MRA	RAS:wt_ras	0	NO_THETA	0.0009815066244531294	0.9230769230769231	0.0	NULL	NULL	0.01673697364604002
0.2	250	0.034375	5	13	CNR	wt,braf	4	0.02	0.001023352010054648	0.7692307692307693	0.030927835051546393	0.08845733251647425	0.09448357800651362	
0.2	250	0.03125	5	13	MRA	WT:wt_braf	0	NO_THETA	0.0010140712786877318	0.8461538461538461	0.020618556701030927	0.08287153775640839		
0.2	250	0.009179687500000002	5	13	MRA	BRAF:wt_braf	0	NO_THETA	0.0009903701590252894	0.6923076923076923	0.041237113402061855	NULL	0.08673876832494813	NULL
0.2	250	0.05	5	13	CNR	wt,ras	3	0.02	0.0010370553830737564	0.9230769230769231	0.010309278350515464	0.060913284299510886		0.07406814849723005
0.2	250	0.018750000000000003	5	13	MRA	WT:wt_ras	0	NO_THETA	0.0011596974024051514	0.8461538461538461	0.020618556701030927	0.07472027735804844		
0.2	250	0.037500000000000006	5	12	MRA	RAS:wt_ras	0	NO_THETA	0.0008850041734792352	0.8461538461538461	0.010309278350515464	NULL	NULL	0.1207250386050108
0.2	250	0.025	6	13	CNR	wt,braf	5	0.02	0.0010766412013553605	0.7692307692307693	0.030927835051546393	0.08338701162964192	0.09796253958031888	
0.2	250	0.025	6	13	MRA	WT:wt_braf	0	NO_THETA	0.0010831095573255389	0.8461538461538461	0.020618556701030927	0.08305415099092553		
0.2	250	0.010937500000000001	6	19	MRA	BRAF:wt_braf	0	NO_THETA	0.001034877883109388	0.6923076923076923	0.041237113402061855	NULL	0.09689473704782157	NULL
0.2	250	0.05	6	13	CNR	wt,ras	2	0.02	0.0010541625267712457	0.8461538461538461	0.020618556701030927	0.07479994530896972		0.08722107658891301
0.2	250	0.025	6	13	MRA	WT:wt_ras	0	NO_THETA	0.0012172684584706248	0.8461538461538461	0.020618556701030927	0.07481182547131425		
0.2	250	0.05	6	12	MRA	RAS:wt_ras	0	NO_THETA	0.0008587383005593586	0.9230769230769231	0.0	NULL	NULL	0.012600136891295393
0.2	250	0.034375	7	13	CNR	wt,braf	4	0.02	0.0010664269026281418	0.7692307692307693	0.030927835051546393	0.0940903744604661	0.0994266325381811	
0.2	250	0.025	7	13	MRA	WT:wt_braf	0	NO_THETA	0.0009865023388594574	0.8461538461538461	0.020618556701030927	0.08554926354753575		
0.2	250	0.010937500000000001	7	13	MRA	BRAF:wt_braf	0	NO_THETA	0.0010899267721794566	0.6923076923076923	0.041237113402061855	NULL	0.10269357901213357	NULL
0.2	250	0.05	7	13	CNR	wt,ras	5	0.02	0.0010319683022086586	0.9230769230769231	0.010309278350515464	0.054426334392133784		0.06478821548185851
0.2	250	0.025	7	13	MRA	WT:wt_ras	0	NO_THETA	0.0011904705234259318	0.8461538461538461	0.020618556701030927	0.07792373913072319		
0.2	250	0.05	7	12	MRA	RAS:wt_ras	0	NO_THETA	0.0008662611142326863	0.9230769230769231	0.0	NULL	NULL	0.01754506299461384
0.2	250	0.025	8	13	CNR	wt,braf	4	0.02	0.0010688590747152987	0.7692307692307693	0.030927835051546393	0.08758862066886798	0.09268528339708564	
0.2	250	0.025	8	13	MRA	WT:wt_braf	0	NO_THETA	0.0011229696299350953	0.8461538461538461	0.020618556701030927	0.08242499170108958		
0.2	250	0.00703125	8	13	MRA	BRAF:wt_braf	0	NO_THETA	0.0009691555129976442	0.6923076923076923	0.041237113402061855	NULL	0.08887919704321687	NULL
0.2	250	0.05	8	13	CNR	wt,ras	4	0.02	0.0010673633714945853	0.9230769230769231	0.010309278350515464	0.060356866331792255		0.0687448400891213
0.2	250	0.021875000000000002	8	13	MRA	WT:wt_ras	0	NO_THETA	0.0011701164431706307	0.8461538461538461	0.020618556701030927	0.07651443726587562		
0.2	250	0.037500000000000006	8	12	MRA	RAS:wt_ras	0	NO_THETA	0.0009444286762464669	0.9230769230769231	0.0	NULL	NULL	0.016197560863570222
0.2	250	0.026367187500000003	9	13	CNR	wt,braf	4	0.02	0.0010801980240163988	0.7692307692307693	0.030927835051546393	0.0773977786690737	0.08325537472347184	
0.2	250	0.0125	9	17	MRA	WT:wt_braf	0	NO_THETA	0.0010079595967621682	0.8461538461538461	0.020618556701030927	0.06696422493466014		
0.2	250	0.0125	9	13	MRA	BRAF:wt_braf	0	NO_THETA	0.001083982878386929	0.6923076923076923	0.041237113402061855	NULL	0.08526346582646162	NULL
0.2	250	0.037500000000000006	9	13	CNR	wt,ras	3	0.02	0.0010368766375151172	0.8461538461538461	0.020618556701030927	0.0750031096679234		0.08950797517936704
0.2	250	0.025	9	13	MRA	WT:wt_ras	0	NO_THETA	0.0011524067149054635	0.8461538461538461	0.020618556701030927	0.07598827552435639		
0.2	250	0.046875	9	12	MRA	RAS:wt_ras	0	NO_THETA	0.0009121689356536892	0.9230769230769231	0.0	NULL	NULL	0.016034620590415993
0.2	250	0.034375	10	13	CNR	wt,braf	5	0.02	0.0010577395591605278	0.7692307692307693	0.030927835051546393	0.06801410103008718	0.07078101407000474	
0.2	250	0.025	10	13	MRA	WT:wt_braf	0	NO_THETA	0.001081680883355028	0.7692307692307693	0.030927835051546393	0.06654263190195417		
0.2	250	0.0125	10	13	MRA	BRAF:wt_braf	0	NO_THETA	0.0009704071254505537	0.6923076923076923	0.041237113402061855	NULL	0.07979988312314995	NULL
0.2	250	0.05	10	13	CNR	wt,ras	3	0.02	0.0010351358927296547	0.8461538461538461	0.020618556701030927	0.07385821066009046		0.08790195068666816
0.2	250	0.025	10	13	MRA	WT:wt_ras	0	NO_THETA	0.0011566084994390755	0.7692307692307693	0.030927835051546393	0.09240220072044567		
0.2	250	0.05	10	12	MRA	RAS:wt_ras	0	NO_THETA	0.0008754058973485982	0.9230769230769231	0.0	NULL	NULL	0.014191460336152466
0.2	250	0.03125	11	13	CNR	wt,braf	5	0.02	0.0012360655862389775	0.8461538461538461	0.020618556701030927	0.09299608879417726	0.10034572217963404	
0.2	250	0.025	11	13	MRA	WT:wt_braf	0	NO_THETA	0.0011641482746986725	0.8461538461538461	0.020618556701030927	0.08499017284027378		
0.2	250	0.011342197470366955	11	14	MRA	BRAF:wt_braf	0	NO_THETA	0.0012343089263654192	0.6153846153846154	0.061855670103092786	NULL	0.11048197748620059	NULL
0.2	250	0.05	11	13	CNR	wt,ras	2	0.02	0.0009839027882931485	0.8461538461538461	0.020618556701030927	0.07605978859895356		0.08820083343049444
0.2	250	0.025	11	13	MRA	WT:wt_ras	0	NO_THETA	0.0010430944375872655	0.7692307692307693	0.030927835051546393	0.08190810540984195		
0.2	250	0.05	11	12	MRA	RAS:wt_ras	0	NO_THETA	0.0008788214606845924	0.9230769230769231	0.0	NULL	NULL	0.018700573388187824
0.2	250	0.034375	12	13	CNR	wt,braf	5	0.02	0.0011877309331614504	0.7692307692307693	0.030927835051546393	0.08737986921050744	0.08507496380274755	
0.2	250	0.025	12	13	MRA	WT:wt_braf	0	NO_THETA	0.001220299684199339	0.7692307692307693	0.030927835051546393	0.08940227248568244		
0.2	250	0.0125	12	13	MRA	BRAF:wt_braf	0	NO_THETA	0.0010913818526837459	0.6923076923076923	0.041237113402061855	NULL	0.08867426675094636	NULL
0.2	250	0.025	12	13	CNR	wt,ras	5	0.02	0.0009975484816158026	0.9230769230769231	0.010309278350515464	0.05987964458757934		0.06867582979477692
0.2	250	0.0125	12	13	MRA	WT:wt_ras	0	NO_THETA	0.0010816782505052042	0.8461538461538461	0.020618556701030927	0.0764566585220559		
0.2	250	0.037500000000000006	12	12	MRA	RAS:wt_ras	0	NO_THETA	0.0009164792760702268	0.9230769230769231	0.0	NULL	NULL	0.018830230337562332
0.2	250	0.025	13	13	CNR	wt,braf	5	0.02	0.0011235585228784766	0.8461538461538461	0.020618556701030927	0.08006842922848705	0.08786577676983107	
0.2	250	0.025	13	13	MRA	WT:wt_braf	0	NO_THETA	0.0011335520552180618	0.8461538461538461	0.020618556701030927	0.08495178193938041		
0.2	250	0.009375000000000001	13	13	MRA	BRAF:wt_braf	0	NO_THETA	0.0010583410483452984	0.6923076923076923	0.041237113402061855	NULL	0.0891675693762293	NULL
0.2	250	0.037500000000000006	13	13	CNR	wt,ras	3	0.02	0.001072403191488623	0.8461538461538461	0.020618556701030927	0.0709175336018506		0.08604521001883146
0.2	250	0.025	13	13	MRA	WT:wt_ras	0	NO_THETA	0.001125769175571643	0.8461538461538461	0.020618556701030927	0.07732153103488108		
0.2	250	0.05	13	12	MRA	RAS:wt_ras	0	NO_THETA	0.0009855830724687644	0.9230769230769231	0.0	NULL	NULL	0.019996391419783953
0.2	250	0.025	14	13	CNR	wt,braf	4	0.02	0.0010992142393507253	0.7692307692307693	0.030927835051546393	0.08061315147233028	0.08674489200866313	
0.2	250	0.0125	14	13	MRA	WT:wt_braf	0	NO_THETA	0.001032258649510419	0.8461538461538461	0.020618556701030927	0.06858071384020328		
0.2	250	0.010937500000000001	14	13	MRA	BRAF:wt_braf	0	NO_THETA	0.001119447572416437	0.6923076923076923	0.041237113402061855	NULL	0.09330570643043591	NULL
0.2	250	0.05	14	13	CNR	wt,ras	3	0.02	0.0010961447525723212	0.9230769230769231	0.010309278350515464	0.06419402906108049		0.07691608232291702
0.2	250	0.018750000000000003	14	13	MRA	WT:wt_ras	0	NO_THETA	0.0011528635578361458	0.8461538461538461	0.020618556701030927	0.07640110416618949		
0.2	250	0.05	14	12	MRA	RAS:wt_ras	0	NO_THETA	0.0010263804472491916	0.8461538461538461	0.010309278350515464	NULL	NULL	0.12066822328499904
0.2	250	0.025	15	13	CNR	wt,braf	4	0.02	0.0011233649165446151	0.7692307692307693	0.030927835051546393	0.08176256558738107	0.08764158197910643	
0.2	250	0.025	15	13	MRA	WT:wt_braf	0	NO_THETA	0.0011703413005825544	0.8461538461538461	0.020618556701030927	0.07406670978554737		
0.2	250	0.016015625	15	13	MRA	BRAF:wt_braf	0	NO_THETA	0.0010307779559769103	0.6923076923076923	0.041237113402061855	NULL	0.09200588042186632	NULL
0.2	250	0.037500000000000006	15	13	CNR	wt,ras	3	0.02	0.0010059938901465532	0.9230769230769231	0.010309278350515464	0.05152632407597087		0.06452824265180293
0.2	250	0.0171875	15	13	MRA	WT:wt_ras	0	NO_THETA	0.0010765857636472072	0.7692307692307693	0.030927835051546393	0.06099906397466685		
0.2	250	0.037500000000000006	15	12	MRA	RAS:wt_ras	0	NO_THETA	0.0009235540705354694	0.8461538461538461	0.010309278350515464	NULL	NULL	0.03038808277578149
0.2	250	0.05	16	13	CNR	wt,braf	5	0.02	0.0012687403614039645	0.7692307692307693	0.030927835051546393	0.08270844139811999	0.09277497918864128	
0.2	250	0.025	16	13	MRA	WT:wt_braf	0	NO_THETA	0.0013388339106964978	0.7692307692307693	0.030927835051546393	0.07873025878059689		
0.2	250	0.0125	16	13	MRA	BRAF:wt_braf	0	NO_THETA	0.0011297137046332136	0.6923076923076923	0.041237113402061855	NULL	0.0952943184854588	NULL
0.2	250	0.05	16	13	CNR	wt,ras	3	0.02	0.0010115963582979222	0.9230769230769231	0.010309278350515464	0.06127892761272762		0.07349219623094315
0.2	250	0.025	16	13	MRA	WT:wt_ras	0	NO_THETA	0.0010257348958362322	0.8461538461538461	0.020618556701030927	0.0831450892210876		
0.2	250	0.04296875	16	12	MRA	RAS:wt_ras	0	NO_THETA	0.000977859992893328	0.9230769230769231	0.0	NULL	NULL	0.019540789001708768
0.2	250	0.025	17	13	CNR	wt,braf	4	0.02	0.0011301742787697376	0.7692307692307693	0.030927835051546393	0.07957083536843737	0.08547907399866068	
0.2	250	0.025	17	13	MRA	WT:wt_braf	0	NO_THETA	0.0010780765410050533	0.8461538461538461	0.020618556701030927	0.0808714254958467		
0.2	250	0.00625	17	13	MRA	BRAF:wt_braf	0	NO_THETA	0.0011172258970700802	0.6923076923076923	0.041237113402061855	NULL	0.0817733000356106	NULL
0.2	250	0.037500000000000006	17	13	CNR	wt,ras	3	0.02	0.0009853773113794701	0.8461538461538461	0.020618556701030927	0.07452679304692628		0.08892392307675225
0.2	250	0.037500000000000006	17	13	MRA	WT:wt_ras	0	NO_THETA	0.0011238925030217029	0.8461538461538461	0.020618556701030927	0.08285372479352106		
0.2	250	0.043750000000000004	17	12	MRA	RAS:wt_ras	0	NO_THETA	0.0008133619719176016	0.9230769230769231	0.0	NULL	NULL	0.017555531881452684
0.2	250	0.021875000000000002	18	13	CNR	wt,braf	4	0.02	0.0011205677517341869	0.7692307692307693	0.030927835051546393	0.07604635976841632	0.08004641271381913	
0.2	250	0.025	18	13	MRA	WT:wt_braf	0	NO_THETA	0.0011845737972681573	0.7692307692307693	0.030927835051546393	0.08054691436322799		
0.2	250	0.0125	18	13	MRA	BRAF:wt_braf	0	NO_THETA	0.0009915923887804275	0.6923076923076923	0.041237113402061855	NULL	0.07950626933204617	NULL
0.2	250	0.05	18	13	CNR	wt,ras	3	0.02	0.00097250701502855	0.8461538461538461	0.020618556701030927	0.07204854652768547		0.0853681212348596
0.2	250	0.025	18	13	MRA	WT:wt_ras	0	NO_THETA	0.0010903760169885903	0.7692307692307693	0.030927835051546393	0.07623082567665648		
0.2	250	0.05	18	12	MRA	RAS:wt_ras	0	NO_THETA	0.0008240523724166299	0.9230769230769231	0.0	NULL	NULL	0.013660090125999256
0.2	250	0.037500000000000006	19	13	CNR	wt,braf	4	0.02	0.0011062225003813046	0.7692307692307693	0.030927835051546393	0.09520051982879651	0.10056695049838385	
0.2	250	0.025	19	13	MRA	WT:wt_braf	0	NO_THETA	0.0011147256718988324	0.8461538461538461	0.020618556701030927	0.09673451759067839		
0.2	250	0.0078125	19	13	MRA	BRAF:wt_braf	0	NO_THETA	0.001048098256077997	0.6153846153846154	0.05154639175257732	NULL	0.11214336305725321	NULL
0.2	250	0.05	19	13	CNR	wt,ras	3	0.02	0.0009430061813396422	0.8461538461538461	0.020618556701030927	0.07908746002127268		0.09235593449533533
0.2	250	0.025	19	13	MRA	WT:wt_ras	0	NO_THETA	0.0009716791119632344	0.8461538461538461	0.020618556701030927	0.08117065619767926		
0.2	250	0.043750000000000004	19	12	MRA	RAS:wt_ras	0	NO_THETA	0.0008670527949167635	0.8461538461538461	0.010309278350515464	NULL	NULL	0.07349689157760092
0.5	250	0.15625	0	13	CNR	wt,braf	3	0.02	0.005904583773299741	0.7692307692307693	0.030927835051546393	0.11086799659649824	0.10595265711557675	
0.5	250	0.1	0	13	MRA	WT:wt_braf	0	NO_THETA	0.005677367256630838	0.6923076923076923	0.041237113402061855	0.14619743270763244		
0.5	250	0.025	0	13	MRA	BRAF:wt_braf	0	NO_THETA	0.006010311500002965	0.6153846153846154	0.05154639175257732	NULL	0.10308064679602792	NULL
0.5	250	0.1650390625	0	13	CNR	wt,ras	3	0.02	0.0053376314973598085	0.6153846153846154	0.05154639175257732	0.16388977895085707		0.17598498864411788
0.5	250	0.1158203125	0	13	MRA	WT:wt_ras	0	NO_THETA	0.006302787483851887	0.6153846153846154	0.05154639175257732	0.16368742172892883		
0.5	250	0.08125000000000002	0	12	MRA	RAS:wt_ras	0	NO_THETA	0.00417208092509442	0.5384615384615384	0.05154639175257732	NULL	NULL	0.20131181080040725
0.5	250	0.21250000000000002	1	13	CNR	wt,braf	5	0.02	0.005915372282928729	0.7692307692307693	0.030927835051546393	0.10572632534571988	0.10940513178469606	
0.5	250	0.0921875	1	13	MRA	WT:wt_braf	0	NO_THETA	0.005849553492646809	0.7692307692307693	0.030927835051546393	0.10291993297463657		
0.5	250	0.037500000000000006	1	13	MRA	BRAF:wt_braf	0	NO_THETA	0.005802354849044436	0.5384615384615384	0.061855670103092786	NULL	0.11586663271780047	NULL
0.5	250	0.14921875	1	13	CNR	wt,ras	5	0.02	0.005315005455441038	0.7692307692307693	0.030927835051546393	0.1557864879947854		0.16743365748946698
0.5	250	0.1	1	13	MRA	WT:wt_ras	0	NO_THETA	0.0057045779620872395	0.6153846153846154	0.05154639175257732	0.16975700760080437		
0.5	250	0.1	1	12	MRA	RAS:wt_ras	0	NO_THETA	0.004562316822137329	0.6153846153846154	0.041237113402061855	NULL	NULL	0.15886068147590307
0.5	250	0.184375	2	13	CNR	wt,braf	7	0.02	0.005603284587601494	0.6923076923076923	0.041237113402061855	0.1171032740426314	0.1417426683206532	
0.5	250	0.07500000000000001	2	13	MRA	WT:wt_braf	0	NO_THETA	0.005268856994604845	0.6923076923076923	0.041237113402061855	0.13309860424234216		
0.5	250	0.05	2	13	MRA	BRAF:wt_braf	0	NO_THETA	0.005562232583458482	0.38461538461538464	0.08247422680412371	NULL	0.1617804551201717	NULL
0.5	250	0.184375	2	13	CNR	wt,ras	2	0.02	0.0053641740450116986	0.7692307692307693	0.030927835051546393	0.1393161692598051		0.10636552109406601
0.5	250	0.1	2	13	MRA	WT:wt_ras	0	NO_THETA	0.005531751592991959	0.6923076923076923	0.041237113402061855	0.14863621305453492		
0.5	250	0.09375	2	12	MRA	RAS:wt_ras	0	NO_THETA	0.004988607104160733	0.7692307692307693	0.020618556701030927	NULL	NULL	0.12458784673977218
0.5	250	0.21250000000000002	3	13	CNR	wt,braf	4	0.02	0.005972301816637297	0.6923076923076923	0.041237113402061855	0.14424394118558784	0.11972544732991491	
0.5	250	0.128125	3	13	MRA	WT:wt_braf	0	NO_THETA	0.005871825911129319	0.7692307692307693	0.030927835051546393	0.11113923928577443		
0.5	250	0.037500000000000006	3	13	MRA	BRAF:wt_braf	0	NO_THETA	0.0059156586000991135	0.5384615384615384	0.061855670103092786	NULL	0.12662947848213604	NULL
0.5	250	0.19843750000000002	3	13	CNR	wt,ras	4	0.02	0.005368015854832647	0.7692307692307693	0.030927835051546393	0.13139326913409108		0.11316501696806422
0.5	250	0.09375	3	13	MRA	WT:wt_ras	0	NO_THETA	0.005908028128238401	0.6153846153846154	0.05154639175257732	0.15081412503441127		
0.5	250	0.1	3	12	MRA	RAS:wt_ras	0	NO_THETA	0.004543343762613768	0.7692307692307693	0.020618556701030927	NULL	NULL	0.1414306564677967
0.5	250	0.21250000000000002	4	13	CNR	wt,braf	4	0.02	0.006088593761812191	0.7692307692307693	0.030927835051546393	0.09941264758581254	0.09946151543195238	
0.5	250	0.13339843749999997	4	13	MRA	WT:wt_braf	0	NO_THETA	0.00554750266034375	0.6923076923076923	0.041237113402061855	0.13893660392193616		
0.5	250	0.05	4	13	MRA	BRAF:wt_braf	0	NO_THETA	0.006303987966434328	0.5384615384615384	0.061855670103092786	NULL	0.11686049872411713	NULL
0.5	250	0.19492187500000002	4	13	CNR	wt,ras	4	0.02	0.005469032694087682	0.6923076923076923	0.041237113402061855	0.12348822793194822		0.17392486059254833
0.5	250	0.128125	4	13	MRA	WT:wt_ras	0	NO_THETA	0.005471875976355529	0.6923076923076923	0.041237113402061855	0.14264916936504593		
0.5	250	0.1140625	4	12	MRA	RAS:wt_ras	0	NO_THETA	0.005180147971388978	0.6153846153846154	0.041237113402061855	NULL	NULL	0.18172953275518863
0.5	250	0.15625	5	13	CNR	wt,braf	4	0.02	0.005735728739804273	0.6153846153846154	0.05154639175257732	0.16225187081918635	0.14819094723824378	
0.5	250	0.1	5	13	MRA	WT:wt_braf	0	NO_THETA	0.005702828116560583	0.6153846153846154	0.05154639175257732	0.17255794810308042		
0.5	250	0.05625	5	13	MRA	BRAF:wt_braf	0	NO_THETA	0.0055570024865067985	0.5384615384615384	0.061855670103092786	NULL	0.1330359245076123	NULL
0.5	250	0.184375	5	13	CNR	wt,ras	2	0.02	0.005553199552169333	0.6923076923076923	0.041237113402061855	0.13846276014155762		0.17554680493072783
0.5	250	0.1	5	13	MRA	WT:wt_ras	0	NO_THETA	0.005857740972978517	0.6923076923076923	0.041237113402061855	0.15218627942286136		
0.5	250	0.1	5	12	MRA	RAS:wt_ras	0	NO_THETA	0.004958750951294769	0.6153846153846154	0.041237113402061855	NULL	NULL	0.16203764906481083
0.5	250	0.21250000000000002	6	13	CNR	wt,braf	3	0.02	0.006305044339406933	0.6923076923076923	0.041237113402061855	0.14566153070528917	0.10336402381420007	
0.5	250	0.11054687499999999	6	13	MRA	WT:wt_braf	0	NO_THETA	0.006350373372512452	0.6153846153846154	0.05154639175257732	0.1672849141586921		
0.5	250	0.05	6	13	MRA	BRAF:wt_braf	0	NO_THETA	0.006028536692422526	0.6153846153846154	0.05154639175257732	NULL	0.10515590027717465	NULL
0.5	250	0.1703125	6	13	CNR	wt,ras	4	0.02	0.005311897268188128	0.8461538461538461	0.020618556701030927	0.1003134559036866		0.11141363391157527
0.5	250	0.1	6	13	MRA	WT:wt_ras	0	NO_THETA	0.005606977230527822	0.7692307692307693	0.030927835051546393	0.1110686981817348		
0.5	250	0.05	6	12	MRA	RAS:wt_ras	0	NO_THETA	0.004777019265469819	0.6153846153846154	0.041237113402061855	NULL	NULL	0.15201254244632328
0.5	250	0.15625	7	13	CNR	wt,braf	4	0.02	0.005898603304174907	0.6153846153846154	0.05154639175257732	0.17340572677244454	0.14125719386506938	
0.5	250	0.07812500000000001	7	13	MRA	WT:wt_braf	0	NO_THETA	0.005820914634263927	0.5384615384615384	0.061855670103092786	0.1784440013271999		
0.5	250	0.035937500000000004	7	13	MRA	BRAF:wt_braf	0	NO_THETA	0.005822744387674884	0.5384615384615384	0.061855670103092786	NULL	0.15079666240035247	NULL
0.5	250	0.184375	7	13	CNR	wt,ras	3	0.02	0.005364018878117753	0.7692307692307693	0.030927835051546393	0.13293324127295628		0.1010973226792841
0.5	250	0.1	7	13	MRA	WT:wt_ras	0	NO_THETA	0.005870516377016176	0.6923076923076923	0.041237113402061855	0.14178544164834556		
0.5	250	0.08750000000000001	7	12	MRA	RAS:wt_ras	0	NO_THETA	0.004631513512416443	0.6923076923076923	0.030927835051546393	NULL	NULL	0.14228291275850927
0.5	250	0.21250000000000002	8	13	CNR	wt,braf	3	0.02	0.006339918639905289	0.6923076923076923	0.041237113402061855	0.1383856626556219	0.12462203317961687	
0.5	250	0.1140625	8	13	MRA	WT:wt_braf	0	NO_THETA	0.006085089259486179	0.6923076923076923	0.041237113402061855	0.13172097271724442		
0.5	250	0.05	8	13	MRA	BRAF:wt_braf	0	NO_THETA	0.0063095836415674065	0.5384615384615384	0.061855670103092786	NULL	0.1254210003390748	NULL
0.5	250	0.17734375000000002	8	13	CNR	wt,ras	5	0.02	0.005785113348760132	0.7692307692307693	0.030927835051546393	0.122512415588316		0.1302287416656572
0.5	250	0.1	8	13	MRA	WT:wt_ras	0	NO_THETA	0.006680749632990354	0.5384615384615384	0.061855670103092786	0.16983866724915467		
0.5	250	0.1	8	12	MRA	RAS:wt_ras	0	NO_THETA	0.0045729317578344225	0.6153846153846154	0.041237113402061855	NULL	NULL	0.18072456199801032
0.5	250	0.21250000000000002	9	13	CNR	wt,braf	6	0.02	0.006029666892479037	0.6923076923076923	0.041237113402061855	0.15921657722606652	0.11339939144811541	
0.5	250	0.14921875	9	13	MRA	WT:wt_braf	0	NO_THETA	0.006717821836922736	0.6153846153846154	0.05154639175257732	0.17137957120607955		
0.5	250	0.037500000000000006	9	13	MRA	BRAF:wt_braf	0	NO_THETA	0.005075465745376585	0.46153846153846156	0.07216494845360824	NULL	0.12422420881169309	NULL
0.5	250	0.184375	9	13	CNR	wt,ras	3	0.02	0.005927185168329103	0.7692307692307693	0.030927835051546393	0.14216159824362393		0.10991099812488436
0.5	250	0.12109375	9	13	MRA	WT:wt_ras	0	NO_THETA	0.006839471872002224	0.5384615384615384	0.061855670103092786	0.18904988288817173		
0.5	250	0.1	9	12	MRA	RAS:wt_ras	0	NO_THETA	0.004788467271010469	0.6923076923076923	0.030927835051546393	NULL	NULL	0.1559531079280597
0.5	250	0.19843750000000002	10	13	CNR	wt,braf	7	0.02	0.005899513769249111	0.6153846153846154	0.05154639175257732	0.14915225923419892	0.14375379397299223	
0.5	250	0.08750000000000001	10	13	MRA	WT:wt_braf	0	NO_THETA	0.005587914116342961	0.6153846153846154	0.05154639175257732	0.14885544497856415		
0.5	250	0.05	10	13	MRA	BRAF:wt_braf	0	NO_THETA	0.00590820561694999	0.46153846153846156	0.07216494845360824	NULL	0.145266549109915	NULL
0.5	250	0.21250000000000002	10	13	CNR	wt,ras	3	0.02	0.00533341780057001	0.7692307692307693	0.030927835051546393	0.13999325388471442		0.11127993026354524
0.5	250	0.12109375	10	13	MRA	WT:wt_ras	0	NO_THETA	0.005753446477816857	0.6153846153846154	0.05154639175257732	0.16135808659097958		
0.5	250	0.07695312500000001	10	12	MRA	RAS:wt_ras	0	NO_THETA	0.004717474208736161	0.6923076923076923	0.030927835051546393	NULL	NULL	0.13982878726529846
0.5	250	0.21250000000000002	11	13	CNR	wt,braf	6	0.02	0.006112554119944708	0.6923076923076923	0.041237113402061855	0.13984256137600398	0.1062670808490427	
0.5	250	0.09609375	11	13	MRA	WT:wt_braf	0	NO_THETA	0.005948275984513885	0.7692307692307693	0.030927835051546393	0.10405652913214448		
0.5	250	0.03125	11	13	MRA	BRAF:wt_braf	0	NO_THETA	0.006054532424555033	0.5384615384615384	0.061855670103092786	NULL	0.12016652074780078	NULL
0.5	250	0.184375	11	13	CNR	wt,ras	3	0.02	0.005025710016092588	0.7692307692307693	0.030927835051546393	0.1304929635910375		0.14042978026681668
0.5	250	0.08750000000000001	11	13	MRA	WT:wt_ras	0	NO_THETA	0.005263071328293269	0.6923076923076923	0.041237113402061855	0.13131136236287944		
0.5	250	0.08750000000000001	11	12	MRA	RAS:wt_ras	0	NO_THETA	0.004618922196885409	0.7692307692307693	0.020618556701030927	NULL	NULL	0.12736269211734072
0.5	250	0.184375	12	13	CNR	wt,braf	4	0.02	0.00572629499594479	0.6153846153846154	0.05154639175257732	0.1544419057560078	0.13422896649472263	
0.5	250	0.1193359375	12	13	MRA	WT:wt_braf	0	NO_THETA	0.006220209811532408	0.6923076923076923	0.041237113402061855	0.14901663880259966		
0.5	250	0.019189453125000002	12	13	MRA	BRAF:wt_braf	0	NO_THETA	0.005053441986758498	0.6153846153846154	0.05154639175257732	NULL	0.12066466682539664	NULL
0.5	250	0.166796875	12	13	CNR	wt,ras	3	0.02	0.005403870723872228	0.7692307692307693	0.030927835051546393	0.10100796773696659		0.14910181571093278
0.5	250	0.104833984375	12	13	MRA	WT:wt_ras	0	NO_THETA	0.005882173881754409	0.6923076923076923	0.041237113402061855	0.12023249729282715		
0.5	250	0.1	12	12	MRA	RAS:wt_ras	0	NO_THETA	0.004564168706897967	0.6153846153846154	0.041237113402061855	NULL	NULL	0.2027782440442735
0.5	250	0.15625	13	13	CNR	wt,braf	5	0.02	0.006051215637681876	0.6923076923076923	0.041237113402061855	0.1324614589400833	0.13001907045280725	
0.5	250	0.1	13	13	MRA	WT:wt_braf	0	NO_THETA	0.005663881343873697	0.6923076923076923	0.041237113402061855	0.13612610681058354		
0.5	250	0.0421875	13	13	MRA	BRAF:wt_braf	0	NO_THETA	0.0063115840384552965	0.6153846153846154	0.05154639175257732	NULL	0.11041306290534522	NULL
0.5	250	0.184375	13	13	CNR	wt,ras	3	0.02	0.005291566385215124	0.6923076923076923	0.041237113402061855	0.16356371405214937		0.14229416230713474
0.5	250	0.128125	13	13	MRA	WT:wt_ras	0	NO_THETA	0.005969578904223847	0.6923076923076923	0.041237113402061855	0.14462765565167274		
0.5	250	0.08750000000000001	13	12	MRA	RAS:wt_ras	0	NO_THETA	0.004349274526982377	0.6923076923076923	0.030927835051546393	NULL	NULL	0.1689799434408083
0.5	250	0.184375	14	13	CNR	wt,braf	5	0.02	0.006268515457095981	0.7692307692307693	0.030927835051546393	0.12322039402679541	0.10575350620430488	
0.5	250	0.10703125	14	13	MRA	WT:wt_braf	0	NO_THETA	0.006738245494965327	0.6923076923076923	0.041237113402061855	0.13928370772457568		
0.5	250	0.05	14	13	MRA	BRAF:wt_braf	0	NO_THETA	0.005436310262419236	0.5384615384615384	0.061855670103092786	NULL	0.12806128617832815	NULL
0.5	250	0.21250000000000002	14	13	CNR	wt,ras	3	0.02	0.00512501680294632	0.7692307692307693	0.030927835051546393	0.13792773254576915		0.1453445908928175
0.5	250	0.1140625	14	13	MRA	WT:wt_ras	0	NO_THETA	0.0055389519319377885	0.6923076923076923	0.041237113402061855	0.14346405408558854		
0.5	250	0.1	14	12	MRA	RAS:wt_ras	0	NO_THETA	0.0045160327389549065	0.6153846153846154	0.041237113402061855	NULL	NULL	0.1544970450792217
0.5	250	0.15625	15	13	CNR	wt,braf	6	0.02	0.0055346250469622245	0.7692307692307693	0.030927835051546393	0.11155644847312263	0.10568882106289075	
0.5	250	0.09062500000000001	15	13	MRA	WT:wt_braf	0	NO_THETA	0.005171353207656875	0.7692307692307693	0.030927835051546393	0.11196077578689763		
0.5	250	0.05	15	13	MRA	BRAF:wt_braf	0	NO_THETA	0.005704107921445995	0.46153846153846156	0.07216494845360824	NULL	0.12771644835837084	NULL
0.5	250	0.17734375000000002	15	13	CNR	wt,ras	2	0.02	0.005408705781150185	0.8461538461538461	0.020618556701030927	0.10237879465505202		0.10525805273897343
0.5	250	0.1	15	13	MRA	WT:wt_ras	0	NO_THETA	0.006557138575024223	0.6923076923076923	0.041237113402061855	0.1345084047275393		
0.5	250	0.07500000000000001	15	12	MRA	RAS:wt_ras	0	NO_THETA	0.0039181574378591095	0.6923076923076923	0.030927835051546393	NULL	NULL	0.13552263673778442
0.5	250	0.184375	16	13	CNR	wt,braf	4	0.02	0.005476292822442412	0.7692307692307693	0.030927835051546393	0.11449860859795456	0.10588330179013268	
0.5	250	0.08750000000000001	16	13	MRA	WT:wt_braf	0	NO_THETA	0.0051828325672029375	0.7692307692307693	0.030927835051546393	0.10706493865939404		
0.5	250	0.05	16	13	MRA	BRAF:wt_braf	0	NO_THETA	0.005518039761420151	0.5384615384615384	0.061855670103092786	NULL	0.12454405091313975	NULL
0.5	250	0.184375	16	13	CNR	wt,ras	3	0.02	0.005562650899636243	0.7692307692307693	0.030927835051546393	0.1317216186958396		0.14289691337846103
0.5	250	0.1228515625	16	13	MRA	WT:wt_ras	0	NO_THETA	0.006883880555276063	0.6153846153846154	0.05154639175257732	0.1603147477134885		
0.5	250	0.07500000000000001	16	12	MRA	RAS:wt_ras	0	NO_THETA	0.004049541843281165	0.7692307692307693	0.020618556701030927	NULL	NULL	0.1286755911947626
0.5	250	0.15625	17	13	CNR	wt,braf	3	0.02	0.005930248881660268	0.7692307692307693	0.030927835051546393	0.11034438552549691	0.10948385580664415	
0.5	250	0.09375	17	13	MRA	WT:wt_braf	0	NO_THETA	0.006071207236210641	0.7692307692307693	0.030927835051546393	0.10859474512239546		
0.5	250	0.036523437500000006	17	13	MRA	BRAF:wt_braf	0	NO_THETA	0.0056608175450039095	0.5384615384615384	0.061855670103092786	NULL	0.13171392496553902	NULL
0.5	250	0.15625	17	13	CNR	wt,ras	3	0.02	0.004754735386016483	0.6923076923076923	0.041237113402061855	0.1670239244150713		0.14610750104261747
0.5	250	0.1	17	13	MRA	WT:wt_ras	0	NO_THETA	0.005338594334264725	0.6923076923076923	0.041237113402061855	0.1512190392284545		
0.5	250	0.1	17	12	MRA	RAS:wt_ras	0	NO_THETA	0.003961677033436788	0.7692307692307693	0.020618556701030927	NULL	NULL	0.12987391055855993
0.5	250	0.15625	18	13	CNR	wt,braf	3	0.02	0.00588127958155144	0.6923076923076923	0.041237113402061855	0.14168995981445484	0.12696888586628383	
0.5	250	0.07500000000000001	18	13	MRA	WT:wt_braf	0	NO_THETA	0.00503546927972345	0.6923076923076923	0.041237113402061855	0.14888285086904776		
0.5	250	0.043750000000000004	18	13	MRA	BRAF:wt_braf	0	NO_THETA	0.006521771199758456	0.46153846153846156	0.07216494845360824	NULL	0.1343648298121134	NULL
0.5	250	0.17119140625	18	13	CNR	wt,ras	3	0.02	0.005607208090636279	0.6923076923076923	0.041237113402061855	0.16349773037500112		0.14111249928125089
0.5	250	0.1140625	18	13	MRA	WT:wt_ras	0	NO_THETA	0.0066090610665925165	0.6153846153846154	0.05154639175257732	0.16985431079647084		
0.5	250	0.08984375000000001	18	12	MRA	RAS:wt_ras	0	NO_THETA	0.004404551233068003	0.6923076923076923	0.030927835051546393	NULL	NULL	0.14054030021620267
0.5	250	0.19843750000000002	19	13	CNR	wt,braf	3	0.02	0.005799242418954012	0.7692307692307693	0.030927835051546393	0.10934371692033289	0.10332633574340322	
0.5	250	0.1	19	13	MRA	WT:wt_braf	0	NO_THETA	0.0058053169407336035	0.6153846153846154	0.05154639175257732	0.15202294288184262		
0.5	250	0.05	19	13	MRA	BRAF:wt_braf	0	NO_THETA	0.005578826986379042	0.6153846153846154	0.05154639175257732	NULL	0.10833262939948139	NULL
0.5	250	0.15625	19	13	CNR	wt,ras	3	0.02	0.00517643013491734	0.8461538461538461	0.020618556701030927	0.09462495600702919		0.10480343877671829
0.5	250	0.1052734375	19	13	MRA	WT:wt_ras	0	NO_THETA	0.005773529547997323	0.7692307692307693	0.030927835051546393	0.11201820576858161		
0.5	250	0.07500000000000001	19	12	MRA	RAS:wt_ras	0	NO_THETA	0.004422915859612616	0.6923076923076923	0.030927835051546393	NULL	NULL	0.13959691277570369
